
*** src/main.rs:36:5: replace parse_bind -> Option<SocketAddr> with None

*** mutation diff:
--- src/main.rs
+++ replace parse_bind -> Option<SocketAddr> with None
@@ -28,17 +28,17 @@
 }
 
 fn fatal(msg: &str) -> ! {
     eprintln!("bolina: fatal: {}", msg);
     std::process::exit(1);
 }
 
 fn parse_bind(spec: &str) -> Option<SocketAddr> {
-    spec.parse().ok()
+    None /* ~ changed by cargo-mutants ~ */
 }
 
 fn main() {
     // 1. Env config
     if env::var("BOLINA_TEST_CA").is_ok() {
         fatal("BOLINA_TEST_CA is dev-only; test pilots mint their CA in-process");
     }
     let bind_spec = env_or("BOLINA_BIND", DEFAULT_BIND);


*** /Users/adolfousierstudio/.rustup/toolchains/1.98.0-aarch64-apple-darwin/bin/cargo test --no-run --verbose --package=bolina@0.1.0
       Fresh cfg-if v1.0.4
       Fresh unicode-ident v1.0.24
       Fresh version_check v0.9.5
       Fresh typenum v1.20.1
       Fresh subtle v2.6.1
       Fresh semver v1.0.28
       Fresh bitflags v2.13.1
       Fresh libc v0.2.189
       Fresh rustc_version v0.4.1
       Fresh objc2-encode v4.1.0
       Fresh cfg_aliases v0.2.2
       Fresh rand_core v0.10.1
       Fresh hashbrown v0.17.1
       Fresh proc-macro2 v1.0.107
       Fresh getrandom v0.2.17
       Fresh objc2 v0.6.4
       Fresh option-ext v0.2.0
       Fresh equivalent v1.0.2
       Fresh winnow v1.0.4
       Fresh quote v1.0.47
       Fresh generic-array v0.14.7
       Fresh rand_core v0.6.4
       Fresh block2 v0.6.2
       Fresh dirs-sys v0.5.0
       Fresh indexmap v2.14.1
       Fresh toml_parser v1.1.3+spec-1.1.0
       Fresh getrandom v0.4.3
       Fresh crypto-common v0.1.7
       Fresh syn v2.0.119
       Fresh block-buffer v0.10.4
       Fresh inout v0.1.4
       Fresh cpufeatures v0.2.17
       Fresh toml_datetime v0.7.0
       Fresh winnow v0.7.15
       Fresh opaque-debug v0.3.1
       Fresh signature v2.2.0
       Fresh syn v1.0.109
       Fresh dirs v6.0.0
       Fresh zeroize_derive v1.5.0
       Fresh digest v0.10.7
       Fresh universal-hash v0.5.1
       Fresh toml_edit v0.23.4
       Fresh ed25519 v2.2.3
       Fresh aead v0.5.2
       Fresh dispatch2 v0.3.1
       Fresh nix v0.31.3
       Fresh chacha20 v0.10.2
       Fresh zeroize v1.9.0
       Fresh sha2 v0.10.9
       Fresh poly1305 v0.8.0
       Fresh rand v0.10.2
       Fresh blake2 v0.10.6
       Fresh proc-macro-crate v3.4.0
       Fresh ctrlc v3.5.2
       Fresh shellexpand v3.1.2
       Fresh serde_derive v1.0.219
       Fresh curve25519-dalek v4.1.3
       Fresh cipher v0.4.4
       Fresh errno v0.3.14
       Fresh ntest_timeout v0.9.5
       Fresh serde v1.0.219
       Fresh ntest_test_cases v0.9.5
       Fresh ryu v1.0.23
       Fresh itoa v1.0.18
       Fresh once_cell v1.21.4
       Fresh fastrand v2.5.0
       Fresh chacha20 v0.9.1
       Fresh x25519-dalek v2.0.1
       Fresh ed25519-dalek v2.1.1
       Fresh rustix v1.1.4
       Fresh memchr v2.8.3
       Fresh ntest v0.9.5
       Fresh hex v0.4.3
       Fresh hex-literal v0.4.1
       Fresh chacha20poly1305 v0.10.1
       Fresh serde_json v1.0.140
       Fresh tempfile v3.27.0
       Dirty bolina v0.1.0 (/Users/adolfousierstudio/srv/rs/bolina-rs): the file `src/main.rs` has changed (1788110839.659206575s, 6s after last build at 1788110833.288255298s)
   Compiling bolina v0.1.0 (/Users/adolfousierstudio/srv/rs/bolina-rs)
warning: unused import: `std::fs`
 --> tests/ca.rs:4:5
  |
4 | use std::fs;
  |     ^^^^^^^
  |
  = note: `#[warn(unused_imports)]` (part of `#[warn(unused)]`) on by default

     Running `/Users/adolfousierstudio/.rustup/toolchains/1.98.0-aarch64-apple-darwin/bin/rustc --crate-name bolina --edition=2021 src/main.rs --error-format=json --json=diagnostic-rendered-ansi,artifacts,future-incompat --emit=dep-info,link -C embed-bitcode=no -C debuginfo=2 -C split-debuginfo=unpacked --test --check-cfg 'cfg(docsrs,test)' --check-cfg 'cfg(feature, values())' -C metadata=615ca33acbf68522 -C extra-filename=-073029ad63b04e1c --out-dir /Users/adolfousierstudio/srv/rs/bolina-rs/target/debug/deps -C incremental=/Users/adolfousierstudio/srv/rs/bolina-rs/target/debug/incremental -L dependency=/Users/adolfousierstudio/srv/rs/bolina-rs/target/debug/deps --extern blake2=/Users/adolfousierstudio/srv/rs/bolina-rs/target/debug/deps/libblake2-5ec05ea99efe1729.rlib --extern bolina=/Users/adolfousierstudio/srv/rs/bolina-rs/target/debug/deps/libbolina-e306afd0537f097b.rlib --extern chacha20poly1305=/Users/adolfousierstudio/srv/rs/bolina-rs/target/debug/deps/libchacha20poly1305-4858c044f422a705.rlib --extern ctrlc=/Users/adolfousierstudio/srv/rs/bolina-rs/target/debug/deps/libctrlc-6713bae015e83882.rlib --extern ed25519_dalek=/Users/adolfousierstudio/srv/rs/bolina-rs/target/debug/deps/libed25519_dalek-fc7a2eec7c6f38d7.rlib --extern hex=/Users/adolfousierstudio/srv/rs/bolina-rs/target/debug/deps/libhex-d8b113cf0abdd414.rlib --extern hex_literal=/Users/adolfousierstudio/srv/rs/bolina-rs/target/debug/deps/libhex_literal-6640231492c6cd06.rlib --extern ntest=/Users/adolfousierstudio/srv/rs/bolina-rs/target/debug/deps/libntest-fb8deb70921782e7.rlib --extern rand=/Users/adolfousierstudio/srv/rs/bolina-rs/target/debug/deps/librand-9427a764d31db7f2.rlib --extern rand_core=/Users/adolfousierstudio/srv/rs/bolina-rs/target/debug/deps/librand_core-dc6558177f49617a.rlib --extern serde=/Users/adolfousierstudio/srv/rs/bolina-rs/target/debug/deps/libserde-aea278c8965ca5ea.rlib --extern serde_json=/Users/adolfousierstudio/srv/rs/bolina-rs/target/debug/deps/libserde_json-f5983fd46414eda9.rlib --extern shellexpand=/Users/adolfousierstudio/srv/rs/bolina-rs/target/debug/deps/libshellexpand-1593339a951b64c2.rlib --extern subtle=/Users/adolfousierstudio/srv/rs/bolina-rs/target/debug/deps/libsubtle-2904b9fb245ece33.rlib --extern tempfile=/Users/adolfousierstudio/srv/rs/bolina-rs/target/debug/deps/libtempfile-67604e1238f1b1e4.rlib --extern x25519_dalek=/Users/adolfousierstudio/srv/rs/bolina-rs/target/debug/deps/libx25519_dalek-b7f18135123f21af.rlib`
warning: `bolina` (test "ca") generated 1 warning (run `cargo fix --test "ca" -p bolina` to apply 1 suggestion)
warning: unused variable: `i_sig`
  --> tests/transport.rs:52:9
   |
52 |     let i_sig = sigpub(0xC1);
   |         ^^^^^ help: if this is intentional, prefix it with an underscore: `_i_sig`
   |
   = note: `#[warn(unused_variables)]` (part of `#[warn(unused)]`) on by default

warning: unused import: `ntest::timeout`
  --> tests/vectors.rs:16:5
   |
16 | use ntest::timeout;
   |     ^^^^^^^^^^^^^^
   |
   = note: `#[warn(unused_imports)]` (part of `#[warn(unused)]`) on by default

warning: field `sig_hex` is never read
  --> tests/vectors.rs:49:5
   |
44 | struct Structure {
   |        --------- field in this struct
...
49 |     sig_hex: Option<String>,
   |     ^^^^^^^
   |
   = note: `#[warn(dead_code)]` (part of `#[warn(unused)]`) on by default

warning: field `expect` is never read
  --> tests/vectors.rs:65:5
   |
62 | struct Negative {
   |        -------- field in this struct
...
65 |     expect: String,
   |     ^^^^^^

warning: `bolina` (test "transport") generated 1 warning (run `cargo fix --test "transport" -p bolina` to apply 1 suggestion)
warning: `bolina` (test "vectors") generated 3 warnings (run `cargo fix --test "vectors" -p bolina` to apply 1 suggestion)
     Running `/Users/adolfousierstudio/.rustup/toolchains/1.98.0-aarch64-apple-darwin/bin/rustc --crate-name bolina --edition=2021 src/main.rs --error-format=json --json=diagnostic-rendered-ansi,artifacts,future-incompat --crate-type bin --emit=dep-info,link -C embed-bitcode=no -C debuginfo=2 -C split-debuginfo=unpacked --check-cfg 'cfg(docsrs,test)' --check-cfg 'cfg(feature, values())' -C metadata=a2c94b95027788f0 -C extra-filename=-586b5ca538423cb4 --out-dir /Users/adolfousierstudio/srv/rs/bolina-rs/target/debug/deps -C incremental=/Users/adolfousierstudio/srv/rs/bolina-rs/target/debug/incremental -L dependency=/Users/adolfousierstudio/srv/rs/bolina-rs/target/debug/deps --extern blake2=/Users/adolfousierstudio/srv/rs/bolina-rs/target/debug/deps/libblake2-5ec05ea99efe1729.rlib --extern bolina=/Users/adolfousierstudio/srv/rs/bolina-rs/target/debug/deps/libbolina-e306afd0537f097b.rlib --extern chacha20poly1305=/Users/adolfousierstudio/srv/rs/bolina-rs/target/debug/deps/libchacha20poly1305-4858c044f422a705.rlib --extern ctrlc=/Users/adolfousierstudio/srv/rs/bolina-rs/target/debug/deps/libctrlc-6713bae015e83882.rlib --extern ed25519_dalek=/Users/adolfousierstudio/srv/rs/bolina-rs/target/debug/deps/libed25519_dalek-fc7a2eec7c6f38d7.rlib --extern rand=/Users/adolfousierstudio/srv/rs/bolina-rs/target/debug/deps/librand-9427a764d31db7f2.rlib --extern rand_core=/Users/adolfousierstudio/srv/rs/bolina-rs/target/debug/deps/librand_core-dc6558177f49617a.rlib --extern shellexpand=/Users/adolfousierstudio/srv/rs/bolina-rs/target/debug/deps/libshellexpand-1593339a951b64c2.rlib --extern subtle=/Users/adolfousierstudio/srv/rs/bolina-rs/target/debug/deps/libsubtle-2904b9fb245ece33.rlib --extern x25519_dalek=/Users/adolfousierstudio/srv/rs/bolina-rs/target/debug/deps/libx25519_dalek-b7f18135123f21af.rlib`
warning: unused imports: `MAC_BYTES`, `compute_mac1`, and `verify_mac1`
 --> src/transport/mod.rs:8:16
  |
8 | pub use mac1::{compute_mac1, verify_mac1, MAC_BYTES};
  |                ^^^^^^^^^^^^  ^^^^^^^^^^^  ^^^^^^^^^
  |
  = note: `#[warn(unused_imports)]` (part of `#[warn(unused)]`) on by default

warning: unused imports: `Error as NoiseError`, `HandshakeResult`, `InitiationInfo`, `Initiator`, `KeyPair`, `MSG1_BEFORE_MAC1`, `MSG1_SIZE`, `MSG2_BEFORE_MAC1`, `MSG2_SIZE`, `Responder`, and `transport_nonce`
  --> src/transport/mod.rs:10:5
   |
10 |     transport_nonce, Error as NoiseError, HandshakeResult, Initiator, InitiationInfo, KeyPair,
   |     ^^^^^^^^^^^^^^^  ^^^^^^^^^^^^^^^^^^^  ^^^^^^^^^^^^^^^  ^^^^^^^^^  ^^^^^^^^^^^^^^  ^^^^^^^
11 |     Responder, MSG1_BEFORE_MAC1, MSG1_SIZE, MSG2_BEFORE_MAC1, MSG2_SIZE,
   |     ^^^^^^^^^  ^^^^^^^^^^^^^^^^  ^^^^^^^^^  ^^^^^^^^^^^^^^^^  ^^^^^^^^^

warning: unused variable: `spec`
  --> src/main.rs:35:15
   |
35 | fn parse_bind(spec: &str) -> Option<SocketAddr> {
   |               ^^^^ help: if this is intentional, prefix it with an underscore: `_spec`
   |
   = note: `#[warn(unused_variables)]` (part of `#[warn(unused)]`) on by default

warning: constant `DOMAIN_CERT` is never used
  --> src/ca.rs:15:7
   |
15 | const DOMAIN_CERT: u8 = 0x01;
   |       ^^^^^^^^^^^
   |
   = note: `#[warn(dead_code)]` (part of `#[warn(unused)]`) on by default

warning: constant `KEY_LEN` is never used
  --> src/ca.rs:16:7
   |
16 | const KEY_LEN: usize = 32;
   |       ^^^^^^^

warning: constant `MAX_PRIVILEGED_LIFETIME_MS` is never used
  --> src/ca.rs:17:7
   |
17 | const MAX_PRIVILEGED_LIFETIME_MS: u64 = 30 * 24 * 3600 * 1000; // 30 days
   |       ^^^^^^^^^^^^^^^^^^^^^^^^^^

warning: enum `CaError` is never used
  --> src/ca.rs:20:10
   |
20 | pub enum CaError {
   |          ^^^^^^^

warning: type alias `Result` is never used
  --> src/ca.rs:30:10
   |
30 | pub type Result<T> = std::result::Result<T, CaError>;
   |          ^^^^^^

warning: function `serial_of` is never used
  --> src/ca.rs:34:8
   |
34 | pub fn serial_of(tbs: &[u8]) -> [u8; 32] {
   |        ^^^^^^^^^

warning: function `ca_init` is never used
  --> src/ca.rs:50:8
   |
50 | pub fn ca_init(dir: &Path, count: usize) -> Result<()> {
   |        ^^^^^^^

warning: struct `IssueReq` is never constructed
  --> src/ca.rs:82:12
   |
82 | pub struct IssueReq {
   |            ^^^^^^^^

warning: struct `IssueResult` is never constructed
  --> src/ca.rs:90:12
   |
90 | pub struct IssueResult {
   |            ^^^^^^^^^^^

warning: function `ca_issue` is never used
  --> src/ca.rs:94:8
   |
94 | pub fn ca_issue(ca_dir: &Path, req: &IssueReq) -> Result<IssueResult> {
   |        ^^^^^^^^

warning: function `ca_list` is never used
   --> src/ca.rs:183:8
    |
183 | pub fn ca_list(ca_dir: &Path) -> Result<Vec<String>> {
    |        ^^^^^^^

warning: function `ca_show` is never used
   --> src/ca.rs:201:8
    |
201 | pub fn ca_show(ca_dir: &Path, serial: &str) -> Result<Vec<u8>> {
    |        ^^^^^^^

warning: function `ca_revoke` is never used
   --> src/ca.rs:208:8
    |
208 | pub fn ca_revoke(ca_dir: &Path, serial: &str, subject_expiry_ms: Option<u64>) -> Result<Vec<u8>> {
    |        ^^^^^^^^^

warning: constant `MAX_MESSAGE` is never used
  --> src/codec.rs:20:11
   |
20 | pub const MAX_MESSAGE: usize = 1 << 20;
   |           ^^^^^^^^^^^

warning: constant `LEN_PUBKEY` is never used
  --> src/codec.rs:21:11
   |
21 | pub const LEN_PUBKEY: usize = 32;
   |           ^^^^^^^^^^

warning: constant `LEN_SIG` is never used
  --> src/codec.rs:22:11
   |
22 | pub const LEN_SIG: usize = 64;
   |           ^^^^^^^

warning: constant `MAX_HEADER` is never used
  --> src/codec.rs:23:11
   |
23 | pub const MAX_HEADER: usize = 512;
   |           ^^^^^^^^^^

warning: constant `MAX_BODY` is never used
  --> src/codec.rs:24:11
   |
24 | pub const MAX_BODY: u32 = (MAX_MESSAGE - MAX_HEADER) as u32;
   |           ^^^^^^^^

warning: constant `MAX_PARENTS` is never used
  --> src/codec.rs:25:11
   |
25 | pub const MAX_PARENTS: u8 = 4;
   |           ^^^^^^^^^^^

warning: constant `MAX_RESOURCE` is never used
  --> src/codec.rs:26:11
   |
26 | pub const MAX_RESOURCE: usize = 256;
   |           ^^^^^^^^^^^^

warning: constant `MAX_ACTION` is never used
  --> src/codec.rs:27:11
   |
27 | pub const MAX_ACTION: u32 = 256 * 1024;
   |           ^^^^^^^^^^

warning: constant `MAX_RATIONALE` is never used
  --> src/codec.rs:28:11
   |
28 | pub const MAX_RATIONALE: usize = 4 * 1024;
   |           ^^^^^^^^^^^^^

warning: constant `MAX_NOTE` is never used
  --> src/codec.rs:29:11
   |
29 | pub const MAX_NOTE: usize = 1024;
   |           ^^^^^^^^

warning: constant `MAX_NAME` is never used
  --> src/codec.rs:30:11
   |
30 | pub const MAX_NAME: usize = 64;
   |           ^^^^^^^^

warning: constant `MAX_SCOPE` is never used
  --> src/codec.rs:31:11
   |
31 | pub const MAX_SCOPE: u8 = 8;
   |           ^^^^^^^^^

warning: constant `MAX_CA_SIGS` is never used
  --> src/codec.rs:32:11
   |
32 | pub const MAX_CA_SIGS: u8 = 4;
   |           ^^^^^^^^^^^

warning: constant `LEN_CHANNEL_ID` is never used
  --> src/codec.rs:34:11
   |
34 | pub const LEN_CHANNEL_ID: usize = 32;
   |           ^^^^^^^^^^^^^^

warning: constant `LEN_PARENT` is never used
  --> src/codec.rs:35:11
   |
35 | pub const LEN_PARENT: usize = 32;
   |           ^^^^^^^^^^

warning: constant `LEN_INTENT_ID` is never used
  --> src/codec.rs:36:11
   |
36 | pub const LEN_INTENT_ID: usize = 16;
   |           ^^^^^^^^^^^^^

warning: constant `LEN_GRANT_ID` is never used
  --> src/codec.rs:37:11
   |
37 | pub const LEN_GRANT_ID: usize = 16;
   |           ^^^^^^^^^^^^

warning: constant `LEN_ACTION_DIGEST` is never used
  --> src/codec.rs:38:11
   |
38 | pub const LEN_ACTION_DIGEST: usize = 32;
   |           ^^^^^^^^^^^^^^^^^

warning: constant `LEN_SCOPE_ID` is never used
  --> src/codec.rs:39:11
   |
39 | pub const LEN_SCOPE_ID: usize = 8;
   |           ^^^^^^^^^^^^

warning: constant `LEN_SPAN_REF` is never used
  --> src/codec.rs:40:11
   |
40 | pub const LEN_SPAN_REF: usize = 16;
   |           ^^^^^^^^^^^^

warning: constant `LEN_CA_KEY` is never used
  --> src/codec.rs:41:11
   |
41 | pub const LEN_CA_KEY: usize = 32;
   |           ^^^^^^^^^^

warning: constant `LEN_SPAN_ID` is never used
  --> src/codec.rs:43:11
   |
43 | pub const LEN_SPAN_ID: usize = 16;
   |           ^^^^^^^^^^^

warning: constant `LEN_TRACE_ID` is never used
  --> src/codec.rs:44:11
   |
44 | pub const LEN_TRACE_ID: usize = 16;
   |           ^^^^^^^^^^^^

warning: constant `LEN_ORIGIN` is never used
  --> src/codec.rs:45:11
   |
45 | pub const LEN_ORIGIN: usize = 32;
   |           ^^^^^^^^^^

warning: constant `LEN_DIGEST` is never used
  --> src/codec.rs:46:11
   |
46 | pub const LEN_DIGEST: usize = 32;
   |           ^^^^^^^^^^

warning: constant `DOMAIN_CERT` is never used
  --> src/codec.rs:49:11
   |
49 | pub const DOMAIN_CERT: u8 = 0x01;
   |           ^^^^^^^^^^^

warning: constant `DOMAIN_ENVELOPE` is never used
  --> src/codec.rs:50:11
   |
50 | pub const DOMAIN_ENVELOPE: u8 = 0x02;
   |           ^^^^^^^^^^^^^^^

warning: constant `DOMAIN_SPAN` is never used
  --> src/codec.rs:51:11
   |
51 | pub const DOMAIN_SPAN: u8 = 0x03;
   |           ^^^^^^^^^^^

warning: constant `DOMAIN_GRANT` is never used
  --> src/codec.rs:52:11
   |
52 | pub const DOMAIN_GRANT: u8 = 0x04;
   |           ^^^^^^^^^^^^

warning: constant `DOMAIN_REFUSAL` is never used
  --> src/codec.rs:53:11
   |
53 | pub const DOMAIN_REFUSAL: u8 = 0x06;
   |           ^^^^^^^^^^^^^^

warning: constant `BODY_UTTERANCE` is never used
  --> src/codec.rs:56:11
   |
56 | pub const BODY_UTTERANCE: u8 = 1;
   |           ^^^^^^^^^^^^^^

warning: constant `BODY_INTENT` is never used
  --> src/codec.rs:57:11
   |
57 | pub const BODY_INTENT: u8 = 2;
   |           ^^^^^^^^^^^

warning: constant `BODY_GRANT` is never used
  --> src/codec.rs:58:11
   |
58 | pub const BODY_GRANT: u8 = 3;
   |           ^^^^^^^^^^

warning: enum `ParseError` is never used
  --> src/codec.rs:63:10
   |
63 | pub enum ParseError {
   |          ^^^^^^^^^^

warning: struct `Cursor` is never constructed
  --> src/codec.rs:78:8
   |
78 | struct Cursor<'a> {
   |        ^^^^^^

warning: multiple associated items are never used
   --> src/codec.rs:84:8
    |
 83 | impl<'a> Cursor<'a> {
    | ------------------- associated items in this implementation
 84 |     fn new(buf: &'a [u8]) -> Self {
    |        ^^^
...
 88 |     fn need(&self, n: usize) -> Result<(), ParseError> {
    |        ^^^^
...
 95 |     fn u8r(&mut self) -> Result<u8, ParseError> {
    |        ^^^
...
101 |     fn u16be(&mut self) -> Result<u16, ParseError> {
    |        ^^^^^
...
107 |     fn u32be(&mut self) -> Result<u32, ParseError> {
    |        ^^^^^
...
118 |     fn u64be(&mut self) -> Result<u64, ParseError> {
    |        ^^^^^
...
125 |     fn take(&mut self, n: usize) -> Result<&'a [u8], ParseError> {
    |        ^^^^
...
132 |     fn field16(&mut self, max: usize) -> Result<&'a [u8], ParseError> {
    |        ^^^^^^^
...
140 |     fn field32(&mut self, max: u32) -> Result<&'a [u8], ParseError> {
    |        ^^^^^^^
...
147 |     fn rest(&self) -> &'a [u8] {
    |        ^^^^

warning: struct `Envelope` is never constructed
   --> src/codec.rs:155:12
    |
155 | pub struct Envelope<'a> {
    |            ^^^^^^^^

warning: struct `Intent` is never constructed
   --> src/codec.rs:170:12
    |
170 | pub struct Intent<'a> {
    |            ^^^^^^

warning: struct `Grant` is never constructed
   --> src/codec.rs:178:12
    |
178 | pub struct Grant<'a> {
    |            ^^^^^

warning: struct `Refusal` is never constructed
   --> src/codec.rs:193:12
    |
193 | pub struct Refusal<'a> {
    |            ^^^^^^^

warning: struct `Span` is never constructed
   --> src/codec.rs:201:12
    |
201 | pub struct Span<'a> {
    |            ^^^^

warning: struct `Cert` is never constructed
   --> src/codec.rs:217:12
    |
217 | pub struct Cert<'a> {
    |            ^^^^

warning: function `parse_envelope` is never used
   --> src/codec.rs:237:8
    |
237 | pub fn parse_envelope(buf: &[u8]) -> Result<Envelope<'_>, ParseError> {
    |        ^^^^^^^^^^^^^^

warning: function `parse_intent` is never used
   --> src/codec.rs:278:8
    |
278 | pub fn parse_intent(buf: &[u8]) -> Result<Intent<'_>, ParseError> {
    |        ^^^^^^^^^^^^

warning: function `parse_grant` is never used
   --> src/codec.rs:299:8
    |
299 | pub fn parse_grant(buf: &[u8]) -> Result<Grant<'_>, ParseError> {
    |        ^^^^^^^^^^^

warning: function `parse_refusal` is never used
   --> src/codec.rs:332:8
    |
332 | pub fn parse_refusal(buf: &[u8]) -> Result<Refusal<'_>, ParseError> {
    |        ^^^^^^^^^^^^^

warning: function `parse_span` is never used
   --> src/codec.rs:353:8
    |
353 | pub fn parse_span(buf: &[u8]) -> Result<Span<'_>, ParseError> {
    |        ^^^^^^^^^^

warning: function `parse_cert` is never used
   --> src/codec.rs:391:8
    |
391 | pub fn parse_cert(buf: &[u8]) -> Result<Cert<'_>, ParseError> {
    |        ^^^^^^^^^^

warning: function `verify_signed` is never used
   --> src/codec.rs:452:8
    |
452 | pub fn verify_signed(domain_tag: u8, tbs: &[u8], sig: &[u8], signer: &[u8]) -> bool {
    |        ^^^^^^^^^^^^^

warning: function `push_field16` is never used
   --> src/codec.rs:470:4
    |
470 | fn push_field16(out: &mut Vec<u8>, v: &[u8]) {
    |    ^^^^^^^^^^^^

warning: function `push_field32` is never used
   --> src/codec.rs:475:4
    |
475 | fn push_field32(out: &mut Vec<u8>, v: &[u8]) {
    |    ^^^^^^^^^^^^

warning: function `encode_envelope` is never used
   --> src/codec.rs:480:8
    |
480 | pub fn encode_envelope(e: &Envelope<'_>) -> Vec<u8> {
    |        ^^^^^^^^^^^^^^^

warning: function `encode_intent` is never used
   --> src/codec.rs:496:8
    |
496 | pub fn encode_intent(i: &Intent<'_>) -> Vec<u8> {
    |        ^^^^^^^^^^^^^

warning: function `encode_grant` is never used
   --> src/codec.rs:505:8
    |
505 | pub fn encode_grant(g: &Grant<'_>) -> Vec<u8> {
    |        ^^^^^^^^^^^^

warning: function `encode_refusal` is never used
   --> src/codec.rs:520:8
    |
520 | pub fn encode_refusal(r: &Refusal<'_>) -> Vec<u8> {
    |        ^^^^^^^^^^^^^^

warning: function `encode_span` is never used
   --> src/codec.rs:528:8
    |
528 | pub fn encode_span(s: &Span<'_>) -> Vec<u8> {
    |        ^^^^^^^^^^^

warning: function `encode_cert` is never used
   --> src/codec.rs:544:8
    |
544 | pub fn encode_cert(c: &Cert<'_>) -> Vec<u8> {
    |        ^^^^^^^^^^^

warning: field `started` is never read
  --> src/daemon.rs:43:9
   |
35 | pub struct Daemon {
   |            ------ field in this struct
...
43 |     pub started: Instant,
   |         ^^^^^^^

warning: fields `kex_secret`, `kex_pub`, and `sig_secret` are never read
   --> src/daemon.rs:195:9
    |
194 | pub struct Keys {
    |            ---- fields in this struct
195 |     pub kex_secret: [u8; 32],
    |         ^^^^^^^^^^
196 |     pub kex_pub: [u8; 32],
    |         ^^^^^^^
197 |     pub sig_secret: [u8; 32],
    |         ^^^^^^^^^^

warning: method `sessions` is never used
   --> src/daemon.rs:224:12
    |
215 | impl SessionTable {
    | ----------------- method in this implementation
...
224 |     pub fn sessions(&self) -> usize {
    |            ^^^^^^^^

warning: fields `peer_kex`, `c1`, `c2`, `nonce_in`, and `nonce_out` are never read
   --> src/daemon.rs:231:9
    |
229 | pub struct Session {
    |            ------- fields in this struct
230 |     pub bound: bool,
231 |     pub peer_kex: [u8; 32],
    |         ^^^^^^^^
232 |     pub c1: [u8; 32],
    |         ^^
233 |     pub c2: [u8; 32],
    |         ^^
234 |     pub nonce_in: u64,
    |         ^^^^^^^^
235 |     pub nonce_out: u64,
    |         ^^^^^^^^^

warning: constant `T_PENDING_MS` is never used
 --> src/state/intent.rs:5:11
  |
5 | pub const T_PENDING_MS: u64 = 900_000; // BE-GRANT-06a default (intent.zig:45)
  |           ^^^^^^^^^^^^

warning: constant `MAX_PENDING` is never used
 --> src/state/intent.rs:6:11
  |
6 | pub const MAX_PENDING: usize = 256; // overflow is a refusal, not a grow (intent.zig:46)
  |           ^^^^^^^^^^^

warning: enum `IntentError` is never used
  --> src/state/intent.rs:12:10
   |
12 | pub enum IntentError {
   |          ^^^^^^^^^^^

warning: enum `RefusalOutcome` is never used
  --> src/state/intent.rs:21:10
   |
21 | pub enum RefusalOutcome {
   |          ^^^^^^^^^^^^^^

warning: variants `Pending`, `Executing`, `Expired`, and `Rejected` are never constructed
  --> src/state/intent.rs:28:5
   |
27 | pub enum State {
   |          ----- variants in this enum
28 |     Pending,
   |     ^^^^^^^
29 |     Executing, // grant verified, effect started (BE-GRANT-03a)
   |     ^^^^^^^^^
30 |     Expired,   // T_pending fired or restart collapse (BE-GRANT-06a/04)
   |     ^^^^^^^
31 |     Rejected,  // matched refusal, terminal (BE-GRANT-10)
   |     ^^^^^^^^
   |
   = note: `State` has derived impls for the traits `Clone` and `Debug`, but these are intentionally ignored during dead code analysis

warning: fields `intent_id`, `resource_id`, `resource_len`, `state`, and `admitted_ms` are never read
  --> src/state/intent.rs:37:9
   |
36 | pub struct Entry {
   |            ----- fields in this struct
37 |     pub intent_id: [u8; LEN_INTENT_ID],
   |         ^^^^^^^^^
38 |     pub resource_id: [u8; MAX_RESOURCE],
   |         ^^^^^^^^^^^
39 |     pub resource_len: usize,
   |         ^^^^^^^^^^^^
40 |     pub state: State,
   |         ^^^^^
41 |     pub admitted_ms: u64,
   |         ^^^^^^^^^^^
   |
   = note: `Entry` has derived impls for the traits `Clone` and `Debug`, but these are intentionally ignored during dead code analysis

warning: field `entries` is never read
  --> src/state/intent.rs:45:5
   |
44 | pub struct Table {
   |            ----- field in this struct
45 |     entries: Vec<Entry>, // hard-capped at MAX_PENDING; overflow refuses
   |     ^^^^^^^

warning: multiple methods are never used
   --> src/state/intent.rs:60:12
    |
 54 | impl Table {
    | ---------- methods in this implementation
...
 60 |     pub fn len(&self) -> usize {
    |            ^^^
...
 64 |     pub fn is_empty(&self) -> bool {
    |            ^^^^^^^^
...
 70 |     pub fn admit(
    |            ^^^^^
...
102 |     pub fn match_for_grant(&self, intent_id: &[u8; LEN_INTENT_ID]) -> Option<usize> {
    |            ^^^^^^^^^^^^^^^
...
109 |     pub fn begin_executing(&mut self, idx: usize) -> Result<(), IntentError> {
    |            ^^^^^^^^^^^^^^^
...
121 |     pub fn apply_refusal(&mut self, intent_id: &[u8; LEN_INTENT_ID]) -> RefusalOutcome {
    |            ^^^^^^^^^^^^^
...
135 |     pub fn expire_timeouts(&mut self, now_ms: u64) -> usize {
    |            ^^^^^^^^^^^^^^^
...
151 |     fn compact(&mut self) {
    |        ^^^^^^^

warning: constant `TAG_COMMIT` is never used
  --> src/state/ledger.rs:19:11
   |
19 | pub const TAG_COMMIT: u8 = 0x01; // + grant_id(16) + expiry u64be = 25
   |           ^^^^^^^^^^

warning: constant `TAG_PUBLISHED` is never used
  --> src/state/ledger.rs:20:11
   |
20 | pub const TAG_PUBLISHED: u8 = 0x02; // + grant_id(16) = 17
   |           ^^^^^^^^^^^^^

warning: constant `TAG_REVOKE` is never used
  --> src/state/ledger.rs:21:11
   |
21 | pub const TAG_REVOKE: u8 = 0x03; // + sig_pubkey(32) + cert_expiry u64be = 41
   |           ^^^^^^^^^^

warning: constant `TAG_FIRST_RECEIPT` is never used
  --> src/state/ledger.rs:22:11
   |
22 | pub const TAG_FIRST_RECEIPT: u8 = 0x04; // + grant_id(16) + time u64be = 25
   |           ^^^^^^^^^^^^^^^^^

warning: constant `REC_COMMIT_LEN` is never used
  --> src/state/ledger.rs:23:11
   |
23 | pub const REC_COMMIT_LEN: usize = 25;
   |           ^^^^^^^^^^^^^^

warning: constant `REC_PUBLISHED_LEN` is never used
  --> src/state/ledger.rs:24:11
   |
24 | pub const REC_PUBLISHED_LEN: usize = 17;
   |           ^^^^^^^^^^^^^^^^^

warning: constant `REC_REVOKE_LEN` is never used
  --> src/state/ledger.rs:25:11
   |
25 | pub const REC_REVOKE_LEN: usize = 41;
   |           ^^^^^^^^^^^^^^

warning: constant `REC_FIRST_RECEIPT_LEN` is never used
  --> src/state/ledger.rs:26:11
   |
26 | pub const REC_FIRST_RECEIPT_LEN: usize = 25;
   |           ^^^^^^^^^^^^^^^^^^^^^

warning: constant `MAX_LIVE` is never used
  --> src/state/ledger.rs:27:11
   |
27 | pub const MAX_LIVE: usize = 1024; // grant_ledger.zig:63 (consumed/revoked/published)
   |           ^^^^^^^^

warning: variants `BadLog` and `ResourceExhausted` are never constructed
  --> src/state/ledger.rs:34:5
   |
33 | pub enum LedgerError {
   |          ----------- variants in this enum
34 |     BadLog,             // committed record failed parse outside trailing partial
   |     ^^^^^^
35 |     ResourceExhausted,  // live cap reached, prune did not free enough
   |     ^^^^^^^^^^^^^^^^^
   |
   = note: `LedgerError` has derived impls for the traits `Clone` and `Debug`, but these are intentionally ignored during dead code analysis

warning: struct `Recovery` is never constructed
  --> src/state/ledger.rs:40:12
   |
40 | pub struct Recovery {
   |            ^^^^^^^^

warning: multiple fields are never read
  --> src/state/ledger.rs:48:5
   |
47 | pub struct GrantLedger {
   |            ----------- fields in this struct
48 |     file: Option<File>,
   |     ^^^^
49 |     read_only: bool,
   |     ^^^^^^^^^
50 |     path: PathBuf,
   |     ^^^^
51 |     // grant_id -> expiry_ms (live, un-tombstoned); cap MAX_LIVE (line 121)
52 |     consumed: HashMap<[u8; GRANT_ID_LEN], u64>,
   |     ^^^^^^^^
53 |     consumed_order: Vec<[u8; GRANT_ID_LEN]>,
   |     ^^^^^^^^^^^^^^
54 |     published: HashSet<[u8; GRANT_ID_LEN]>, // cap MAX_LIVE (line 129)
   |     ^^^^^^^^^
55 |     // signer pubkey -> cert_expiry_ms; NEVER pruned (BE-REV-02), cap MAX_LIVE
56 |     revoked: HashMap<[u8; SIG_PUBKEY_LEN], u64>,
   |     ^^^^^^^
57 |     // grant_id -> T_recv anchor; first sighting wins (F4)
58 |     first_receipts: HashMap<[u8; GRANT_ID_LEN], u64>,
   |     ^^^^^^^^^^^^^^

warning: function `be64` is never used
  --> src/state/ledger.rs:61:4
   |
61 | fn be64(buf: &[u8]) -> u64 {
   |    ^^^^

warning: function `put_be64` is never used
  --> src/state/ledger.rs:65:4
   |
65 | fn put_be64(out: &mut Vec<u8>, v: u64) {
   |    ^^^^^^^^

warning: multiple associated items are never used
   --> src/state/ledger.rs:95:12
    |
 69 | impl GrantLedger {
    | ---------------- associated items in this implementation
...
 95 |     pub fn open_read_only(path: &Path) -> Result<Self, LedgerError> {
    |            ^^^^^^^^^^^^^^
...
112 |     pub fn recover(&mut self) -> Result<Recovery, LedgerError> {
    |            ^^^^^^^
...
182 |     pub fn commit_consumed(
    |            ^^^^^^^^^^^^^^^
...
207 |     pub fn mark_published(&mut self, grant_id: &[u8; GRANT_ID_LEN]) -> Result<(), LedgerError> {
    |            ^^^^^^^^^^^^^^
...
221 |     pub fn commit_revocation(
    |            ^^^^^^^^^^^^^^^^^
...
241 |     pub fn record_first_receipt(&mut self, grant_id: &[u8; GRANT_ID_LEN], time_ms: u64) -> Result<(), LedgerError> {
    |            ^^^^^^^^^^^^^^^^^^^^
...
253 |     pub fn get_first_receipt(&self, grant_id: &[u8; GRANT_ID_LEN]) -> Option<u64> {
    |            ^^^^^^^^^^^^^^^^^
...
257 |     pub fn is_consumed(&self, grant_id: &[u8; GRANT_ID_LEN]) -> bool {
    |            ^^^^^^^^^^^
...
261 |     pub fn is_published(&self, grant_id: &[u8; GRANT_ID_LEN]) -> bool {
    |            ^^^^^^^^^^^^
...
265 |     pub fn is_revoked(&self, sig_pubkey: &[u8; SIG_PUBKEY_LEN]) -> bool {
    |            ^^^^^^^^^^
...
271 |     pub fn prune_expired(&mut self, now_ms: u64) -> Result<(), LedgerError> {
    |            ^^^^^^^^^^^^^
...
331 |     pub fn close(&mut self) {
    |            ^^^^^
...
335 |     fn handle(&mut self) -> Result<&mut File, LedgerError> {
    |        ^^^^^^
...
341 |     fn append(&mut self, rec: &[u8]) -> Result<(), LedgerError> {
    |        ^^^^^^

warning: constant `DHLEN` is never used
  --> src/transport/noise.rs:15:11
   |
15 | pub const DHLEN: usize = 32;
   |           ^^^^^

warning: constant `HASHLEN` is never used
  --> src/transport/noise.rs:16:11
   |
16 | pub const HASHLEN: usize = 32;
   |           ^^^^^^^

warning: constant `KEYLEN` is never used
  --> src/transport/noise.rs:17:11
   |
17 | pub const KEYLEN: usize = 32;
   |           ^^^^^^

warning: constant `TAGLEN` is never used
  --> src/transport/noise.rs:18:11
   |
18 | pub const TAGLEN: usize = 16;
   |           ^^^^^^

warning: constant `NONCELEN` is never used
  --> src/transport/noise.rs:19:11
   |
19 | pub const NONCELEN: usize = 12;
   |           ^^^^^^^^

warning: constant `PROTOCOL_NAME` is never used
  --> src/transport/noise.rs:20:11
   |
20 | pub const PROTOCOL_NAME: &[u8] = b"Noise_IK_25519_ChaChaPoly_BLAKE2s";
   |           ^^^^^^^^^^^^^

warning: constant `MSG1_SIZE` is never used
  --> src/transport/noise.rs:24:11
   |
24 | pub const MSG1_SIZE: usize = 144;
   |           ^^^^^^^^^

warning: constant `MSG2_SIZE` is never used
  --> src/transport/noise.rs:25:11
   |
25 | pub const MSG2_SIZE: usize = 92;
   |           ^^^^^^^^^

warning: constant `MSG1_BEFORE_MAC1` is never used
  --> src/transport/noise.rs:26:11
   |
26 | pub const MSG1_BEFORE_MAC1: usize = 112;
   |           ^^^^^^^^^^^^^^^^

warning: constant `MSG2_BEFORE_MAC1` is never used
  --> src/transport/noise.rs:27:11
   |
27 | pub const MSG2_BEFORE_MAC1: usize = 60;
   |           ^^^^^^^^^^^^^^^^

warning: constant `OFF1_SENDER_INDEX` is never used
  --> src/transport/noise.rs:29:11
   |
29 | pub const OFF1_SENDER_INDEX: usize = 4;
   |           ^^^^^^^^^^^^^^^^^

warning: constant `OFF1_EPHEMERAL` is never used
  --> src/transport/noise.rs:30:11
   |
30 | pub const OFF1_EPHEMERAL: usize = 8;
   |           ^^^^^^^^^^^^^^

warning: constant `OFF1_ENC_STATIC` is never used
  --> src/transport/noise.rs:31:11
   |
31 | pub const OFF1_ENC_STATIC: usize = 40; // 48 bytes (32 + tag)
   |           ^^^^^^^^^^^^^^^

warning: constant `OFF1_ENC_TIMESTAMP` is never used
  --> src/transport/noise.rs:32:11
   |
32 | pub const OFF1_ENC_TIMESTAMP: usize = 88; // 24 bytes (8 + tag)
   |           ^^^^^^^^^^^^^^^^^^

warning: constant `OFF1_MAC1` is never used
  --> src/transport/noise.rs:33:11
   |
33 | pub const OFF1_MAC1: usize = 112;
   |           ^^^^^^^^^

warning: constant `OFF1_MAC2` is never used
  --> src/transport/noise.rs:34:11
   |
34 | pub const OFF1_MAC2: usize = 128;
   |           ^^^^^^^^^

warning: constant `OFF2_SENDER_INDEX` is never used
  --> src/transport/noise.rs:36:11
   |
36 | pub const OFF2_SENDER_INDEX: usize = 4;
   |           ^^^^^^^^^^^^^^^^^

warning: constant `OFF2_RECEIVER_INDEX` is never used
  --> src/transport/noise.rs:37:11
   |
37 | pub const OFF2_RECEIVER_INDEX: usize = 8; // G2 fix: echo of the INITIATOR index
   |           ^^^^^^^^^^^^^^^^^^^

warning: constant `OFF2_EPHEMERAL` is never used
  --> src/transport/noise.rs:38:11
   |
38 | pub const OFF2_EPHEMERAL: usize = 12;
   |           ^^^^^^^^^^^^^^

warning: constant `OFF2_ENC_NOTHING` is never used
  --> src/transport/noise.rs:39:11
   |
39 | pub const OFF2_ENC_NOTHING: usize = 44; // 16 bytes (0 + tag)
   |           ^^^^^^^^^^^^^^^^

warning: constant `OFF2_MAC1` is never used
  --> src/transport/noise.rs:40:11
   |
40 | pub const OFF2_MAC1: usize = 60;
   |           ^^^^^^^^^

warning: constant `OFF2_MAC2` is never used
  --> src/transport/noise.rs:41:11
   |
41 | pub const OFF2_MAC2: usize = 76;
   |           ^^^^^^^^^

warning: enum `Error` is never used
  --> src/transport/noise.rs:44:10
   |
44 | pub enum Error {
   |          ^^^^^

warning: struct `HandshakeResult` is never constructed
  --> src/transport/noise.rs:53:12
   |
53 | pub struct HandshakeResult {
   |            ^^^^^^^^^^^^^^^

warning: function `hmac_blake2s` is never used
  --> src/transport/noise.rs:62:4
   |
62 | fn hmac_blake2s(key: &[u8], data: &[u8]) -> [u8; 32] {
   |    ^^^^^^^^^^^^

warning: function `transport_nonce` is never used
  --> src/transport/noise.rs:88:8
   |
88 | pub fn transport_nonce(counter: u64) -> [u8; NONCELEN] {
   |        ^^^^^^^^^^^^^^^

warning: function `hmac_pair` is never used
  --> src/transport/noise.rs:97:4
   |
97 | fn hmac_pair(key: &[u8; 32], data: &[u8]) -> [u8; 32] {
   |    ^^^^^^^^^

warning: function `hkdf2` is never used
   --> src/transport/noise.rs:101:4
    |
101 | fn hkdf2(ck: &[u8; 32], ikm: &[u8]) -> ([u8; 32], [u8; 32]) {
    |    ^^^^^

warning: function `dh` is never used
   --> src/transport/noise.rs:112:4
    |
112 | fn dh(sk: &[u8; 32], pk: &[u8; 32]) -> Result<[u8; DHLEN], Error> {
    |    ^^

warning: struct `SymmetricState` is never constructed
   --> src/transport/noise.rs:121:12
    |
121 | pub struct SymmetricState {
    |            ^^^^^^^^^^^^^^

warning: associated items `init`, `mix_hash`, `mix_key`, `encrypt_and_hash`, `decrypt_and_hash`, and `split` are never used
   --> src/transport/noise.rs:132:12
    |
129 | impl SymmetricState {
    | ------------------- associated items in this implementation
...
132 |     pub fn init() -> Self {
    |            ^^^^
...
141 |     pub fn mix_hash(&mut self, data: &[u8]) {
    |            ^^^^^^^^
...
149 |     pub fn mix_key(&mut self, ikm: &[u8; DHLEN]) {
    |            ^^^^^^^
...
160 |     pub fn encrypt_and_hash(&mut self, out: &mut [u8], pt: &[u8]) {
    |            ^^^^^^^^^^^^^^^^
...
182 |     pub fn decrypt_and_hash(&mut self, out: &mut [u8], ct: &[u8]) -> Result<(), Error> {
    |            ^^^^^^^^^^^^^^^^
...
203 |     pub fn split(&self) -> ([u8; KEYLEN], [u8; KEYLEN]) {
    |            ^^^^^

warning: struct `KeyPair` is never constructed
   --> src/transport/noise.rs:209:12
    |
209 | pub struct KeyPair {
    |            ^^^^^^^

warning: associated function `from_secret` is never used
   --> src/transport/noise.rs:215:12
    |
214 | impl KeyPair {
    | ------------ associated function in this implementation
215 |     pub fn from_secret(secret: [u8; DHLEN]) -> Self {
    |            ^^^^^^^^^^^

warning: struct `Initiator` is never constructed
   --> src/transport/noise.rs:221:12
    |
221 | pub struct Initiator {
    |            ^^^^^^^^^

warning: associated items `new`, `write_initiation`, `read_response`, and `finalize` are never used
   --> src/transport/noise.rs:230:12
    |
229 | impl Initiator {
    | -------------- associated items in this implementation
230 |     pub fn new(static_kp: KeyPair, responder_static_pub: [u8; DHLEN]) -> Self {
    |            ^^^
...
240 |     pub fn write_initiation(
    |            ^^^^^^^^^^^^^^^^
...
292 |     pub fn read_response(
    |            ^^^^^^^^^^^^^
...
321 |     pub fn finalize(self) -> HandshakeResult {
    |            ^^^^^^^^

warning: struct `Responder` is never constructed
   --> src/transport/noise.rs:328:12
    |
328 | pub struct Responder {
    |            ^^^^^^^^^

warning: struct `InitiationInfo` is never constructed
   --> src/transport/noise.rs:339:12
    |
339 | pub struct InitiationInfo {
    |            ^^^^^^^^^^^^^^

warning: associated items `new`, `read_initiation`, `write_response`, and `finalize` are never used
   --> src/transport/noise.rs:346:12
    |
345 | impl Responder {
    | -------------- associated items in this implementation
346 |     pub fn new(static_kp: KeyPair) -> Self {
    |            ^^^
...
354 |     pub fn read_initiation(
    |            ^^^^^^^^^^^^^^^
...
394 |     pub fn write_response(
    |            ^^^^^^^^^^^^^^
...
438 |     pub fn finalize(self) -> HandshakeResult {
    |            ^^^^^^^^

warning: constant `MAX_SESSIONS` is never used
  --> src/transport/session.rs:17:11
   |
17 | pub const MAX_SESSIONS: usize = 512;
   |           ^^^^^^^^^^^^

warning: constant `REKEY_AFTER_MS` is never used
  --> src/transport/session.rs:18:11
   |
18 | pub const REKEY_AFTER_MS: u64 = 120_000;
   |           ^^^^^^^^^^^^^^

warning: constant `REKEY_AFTER_MESSAGES` is never used
  --> src/transport/session.rs:19:11
   |
19 | pub const REKEY_AFTER_MESSAGES: u64 = 1 << 48;
   |           ^^^^^^^^^^^^^^^^^^^^

warning: constant `HEADER_SIZE` is never used
  --> src/transport/session.rs:20:11
   |
20 | pub const HEADER_SIZE: usize = 16;
   |           ^^^^^^^^^^^

warning: constant `MSG_TYPE_TRANSPORT` is never used
  --> src/transport/session.rs:21:11
   |
21 | pub const MSG_TYPE_TRANSPORT: u8 = 4;
   |           ^^^^^^^^^^^^^^^^^^

warning: enum `TransportError` is never used
  --> src/transport/session.rs:26:10
   |
26 | pub enum TransportError {
   |          ^^^^^^^^^^^^^^

warning: type alias `Result` is never used
  --> src/transport/session.rs:35:10
   |
35 | pub type Result<T> = std::result::Result<T, TransportError>;
   |          ^^^^^^

warning: struct `ReplayWindow` is never constructed
  --> src/transport/session.rs:40:12
   |
40 | pub struct ReplayWindow {
   |            ^^^^^^^^^^^^

warning: associated items `new`, `check`, and `zero` are never used
  --> src/transport/session.rs:46:12
   |
45 | impl ReplayWindow {
   | ----------------- associated items in this implementation
46 |     pub fn new() -> Self { Self { highest: 0, mask: 0 } }
   |            ^^^
...
50 |     pub fn check(&mut self, counter: u64) -> bool {
   |            ^^^^^
...
72 |     pub fn zero(&mut self) { self.highest = 0; self.mask = 0; }
   |            ^^^^

warning: struct `CipherState` is never constructed
  --> src/transport/session.rs:78:12
   |
78 | pub struct CipherState { pub key: [u8; 32], pub counter: u64 }
   |            ^^^^^^^^^^^

warning: associated items `new`, `seal`, and `zero` are never used
  --> src/transport/session.rs:81:12
   |
80 | impl CipherState {
   | ---------------- associated items in this implementation
81 |     pub fn new() -> Self { Self { key: [0; 32], counter: 0 } }
   |            ^^^
82 |
83 |     pub fn seal(&mut self, out: &mut [u8], plaintext: &[u8], ad: &[u8]) -> Result<()> {
   |            ^^^^
...
96 |     pub fn zero(&mut self) { self.key = [0; 32]; self.counter = 0; }
   |            ^^^^

warning: struct `RecvState` is never constructed
   --> src/transport/session.rs:102:12
    |
102 | pub struct RecvState { pub key: [u8; 32], pub window: ReplayWindow }
    |            ^^^^^^^^^

warning: associated items `new`, `open`, and `zero` are never used
   --> src/transport/session.rs:105:12
    |
104 | impl RecvState {
    | -------------- associated items in this implementation
105 |     pub fn new() -> Self { Self { key: [0; 32], window: ReplayWindow::new() } }
    |            ^^^
106 |
107 |     pub fn open(&mut self, out: &mut [u8], ad: &[u8], ct: &[u8], counter: u64) -> Result<usize> {
    |            ^^^^
...
121 |     pub fn zero(&mut self) { self.key = [0; 32]; self.window.zero(); }
    |            ^^^^

warning: struct `Session` is never constructed
   --> src/transport/session.rs:127:12
    |
127 | pub struct Session {
    |            ^^^^^^^

warning: associated items `new`, `due_for_rekey`, `seal`, `open`, and `rotate` are never used
   --> src/transport/session.rs:139:12
    |
138 | impl Session {
    | ------------ associated items in this implementation
139 |     pub fn new() -> Self {
    |            ^^^
...
148 |     pub fn due_for_rekey(&self, now_ms: u64) -> bool {
    |            ^^^^^^^^^^^^^
...
153 |     pub fn seal(&mut self, out: &mut [u8], plaintext: &[u8]) -> Result<usize> {
    |            ^^^^
...
165 |     pub fn open(&mut self, packet: &[u8], hdr_counter: u64, out: &mut [u8]) -> Result<usize> {
    |            ^^^^
...
170 |     pub fn rotate(&mut self, send_key: [u8; 32], recv_key: [u8; 32],
    |            ^^^^^^

warning: struct `SessionTable` is never constructed
   --> src/transport/session.rs:183:12
    |
183 | pub struct SessionTable { slots: [Session; MAX_SESSIONS] }
    |            ^^^^^^^^^^^^

warning: associated items `new`, `lookup`, `lookup_immut`, `admit`, and `release` are never used
   --> src/transport/session.rs:186:12
    |
185 | impl SessionTable {
    | ----------------- associated items in this implementation
186 |     pub fn new() -> Self { Self { slots: std::array::from_fn(|_| Session::new()) } }
    |            ^^^
187 |
188 |     pub fn lookup(&mut self, local_index: u32) -> Option<&mut Session> {
    |            ^^^^^^
...
195 |     pub fn lookup_immut(&self, local_index: u32) -> Option<&Session> {
    |            ^^^^^^^^^^^^
...
202 |     pub fn admit(&mut self, local_index: u32, peer_index: u32,
    |            ^^^^^
...
218 |     pub fn release(&mut self, local_index: u32) {
    |            ^^^^^^^

warning: constant `MSG_RELAY_ROUTE` is never used
 --> src/transport/relay.rs:9:11
  |
9 | pub const MSG_RELAY_ROUTE: u8 = 5;
  |           ^^^^^^^^^^^^^^^

warning: constant `MSG_RELAY_REGISTRATION` is never used
  --> src/transport/relay.rs:10:11
   |
10 | pub const MSG_RELAY_REGISTRATION: u8 = 6;
   |           ^^^^^^^^^^^^^^^^^^^^^^

warning: constant `DOMAIN_RELAY_REGISTRATION` is never used
  --> src/transport/relay.rs:11:11
   |
11 | pub const DOMAIN_RELAY_REGISTRATION: u8 = 0x07;
   |           ^^^^^^^^^^^^^^^^^^^^^^^^^

warning: constant `LEN_RELAY_ROUTE` is never used
  --> src/transport/relay.rs:13:11
   |
13 | pub const LEN_RELAY_ROUTE: usize = 20;
   |           ^^^^^^^^^^^^^^^

warning: constant `LEN_RELAY_REGISTRATION` is never used
  --> src/transport/relay.rs:14:11
   |
14 | pub const LEN_RELAY_REGISTRATION: usize = 124;
   |           ^^^^^^^^^^^^^^^^^^^^^^

warning: constant `LEN_RESERVED` is never used
  --> src/transport/relay.rs:15:11
   |
15 | pub const LEN_RESERVED: usize = 3;
   |           ^^^^^^^^^^^^

warning: constant `LEN_OVERLAY_ADDR` is never used
  --> src/transport/relay.rs:16:11
   |
16 | pub const LEN_OVERLAY_ADDR: usize = 16;
   |           ^^^^^^^^^^^^^^^^

warning: constant `LEN_SIG` is never used
  --> src/transport/relay.rs:17:11
   |
17 | pub const LEN_SIG: usize = 64;
   |           ^^^^^^^

warning: constant `LEN_PADDING` is never used
  --> src/transport/relay.rs:18:11
   |
18 | pub const LEN_PADDING: usize = 16;
   |           ^^^^^^^^^^^

warning: constant `MAX_RELAY_TABLE` is never used
  --> src/transport/relay.rs:20:11
   |
20 | pub const MAX_RELAY_TABLE: usize = 4096;
   |           ^^^^^^^^^^^^^^^

warning: constant `TIMESTAMP_SKEW` is never used
  --> src/transport/relay.rs:21:11
   |
21 | pub const TIMESTAMP_SKEW: u64 = 300;
   |           ^^^^^^^^^^^^^^

warning: constant `MAX_EXPIRY` is never used
  --> src/transport/relay.rs:22:11
   |
22 | pub const MAX_EXPIRY: u64 = 86400;
   |           ^^^^^^^^^^

warning: enum `RelayError` is never used
  --> src/transport/relay.rs:27:10
   |
27 | pub enum RelayError {
   |          ^^^^^^^^^^

warning: type alias `Result` is never used
  --> src/transport/relay.rs:37:10
   |
37 | pub type Result<T> = std::result::Result<T, RelayError>;
   |          ^^^^^^

warning: struct `RelayRoute` is never constructed
  --> src/transport/relay.rs:42:12
   |
42 | pub struct RelayRoute {
   |            ^^^^^^^^^^

warning: associated items `parse` and `encode` are never used
  --> src/transport/relay.rs:49:12
   |
48 | impl RelayRoute {
   | --------------- associated items in this implementation
49 |     pub fn parse(buf: &[u8]) -> Result<Self> {
   |            ^^^^^
...
59 |     pub fn encode(&self, out: &mut [u8]) {
   |            ^^^^^^

warning: struct `RelayRegistration` is never constructed
  --> src/transport/relay.rs:71:12
   |
71 | pub struct RelayRegistration {
   |            ^^^^^^^^^^^^^^^^^

warning: associated items `parse` and `tbs` are never used
   --> src/transport/relay.rs:82:12
    |
 81 | impl RelayRegistration {
    | ---------------------- associated items in this implementation
 82 |     pub fn parse(buf: &[u8]) -> Result<Self> {
    |            ^^^^^
...
100 |     pub fn tbs<'a>(&self, buf: &'a [u8]) -> &'a [u8] {
    |            ^^^

warning: struct `RelayEntry` is never constructed
   --> src/transport/relay.rs:108:12
    |
108 | pub struct RelayEntry {
    |            ^^^^^^^^^^

warning: struct `RelayTable` is never constructed
   --> src/transport/relay.rs:115:12
    |
115 | pub struct RelayTable {
    |            ^^^^^^^^^^

warning: associated items `new`, `insert`, `lookup`, `prune`, and `count` are never used
   --> src/transport/relay.rs:120:12
    |
119 | impl RelayTable {
    | --------------- associated items in this implementation
120 |     pub fn new() -> Self { Self { entries: Vec::with_capacity(MAX_RELAY_TABLE) } }
    |            ^^^
...
125 |     pub fn insert(&mut self, entry: RelayEntry) -> bool {
    |            ^^^^^^
...
137 |     pub fn lookup(&self, overlay_addr: &[u8]) -> Option<&RelayEntry> {
    |            ^^^^^^
...
141 |     pub fn prune(&mut self, now: u64) {
    |            ^^^^^
...
145 |     pub fn count(&self) -> usize { self.entries.len() }
    |            ^^^^^

warning: function `forward_packet` is never used
   --> src/transport/relay.rs:150:8
    |
150 | pub fn forward_packet<'a>(
    |        ^^^^^^^^^^^^^^

warning: constant `MAX_MESSAGE` is never used
  --> src/transport/reassembly.rs:13:11
   |
13 | pub const MAX_MESSAGE: usize = 1 << 20; // 1 MiB
   |           ^^^^^^^^^^^

warning: constant `MAX_HEADER` is never used
  --> src/transport/reassembly.rs:14:11
   |
14 | pub const MAX_HEADER: usize = 512;
   |           ^^^^^^^^^^

warning: constant `MAX_BODY_LEN` is never used
  --> src/transport/reassembly.rs:15:11
   |
15 | pub const MAX_BODY_LEN: usize = MAX_MESSAGE - MAX_HEADER;
   |           ^^^^^^^^^^^^

warning: constant `CONTEXTS_PER_PEER` is never used
  --> src/transport/reassembly.rs:16:11
   |
16 | pub const CONTEXTS_PER_PEER: u8 = 8;
   |           ^^^^^^^^^^^^^^^^^

warning: constant `MEMORY_PER_PEER` is never used
  --> src/transport/reassembly.rs:17:11
   |
17 | pub const MEMORY_PER_PEER: usize = 8 << 20; // 8 MiB
   |           ^^^^^^^^^^^^^^^

warning: constant `SESSIONS_PER_NODE` is never used
  --> src/transport/reassembly.rs:18:11
   |
18 | pub const SESSIONS_PER_NODE: u16 = 512;
   |           ^^^^^^^^^^^^^^^^^

warning: constant `MEMORY_PER_NODE` is never used
  --> src/transport/reassembly.rs:19:11
   |
19 | pub const MEMORY_PER_NODE: usize = 256 << 20; // 256 MiB
   |           ^^^^^^^^^^^^^^^

warning: constant `INCOMPLETE_TIMEOUT_MS` is never used
  --> src/transport/reassembly.rs:20:11
   |
20 | pub const INCOMPLETE_TIMEOUT_MS: u64 = 30_000;
   |           ^^^^^^^^^^^^^^^^^^^^^

warning: enum `PeerEvent` is never used
  --> src/transport/reassembly.rs:25:10
   |
25 | pub enum PeerEvent {
   |          ^^^^^^^^^

warning: enum `NodeEvent` is never used
  --> src/transport/reassembly.rs:33:10
   |
33 | pub enum NodeEvent {
   |          ^^^^^^^^^

warning: struct `Context` is never constructed
  --> src/transport/reassembly.rs:41:8
   |
41 | struct Context {
   |        ^^^^^^^

warning: associated function `new` is never used
  --> src/transport/reassembly.rs:52:8
   |
51 | impl Context {
   | ------------ associated function in this implementation
52 |     fn new() -> Self {
   |        ^^^

warning: struct `PeerReassembler` is never constructed
  --> src/transport/reassembly.rs:57:12
   |
57 | pub struct PeerReassembler<const MAX_CONTEXTS: usize, const MAX_FRAGMENTS: u16> {
   |            ^^^^^^^^^^^^^^^

warning: associated items `new`, `active_contexts`, `bytes_in_use`, `ingest`, `free_context`, and `evict_expired` are never used
   --> src/transport/reassembly.rs:64:12
    |
 63 | impl<const MAX_CONTEXTS: usize, const MAX_FRAGMENTS: u16> PeerReassembler<MAX_CONTEXTS, MAX_FRAGMENTS> {
    | ------------------------------------------------------------------------------------------------------ associated items in this implementation
 64 |     pub fn new() -> Self {
    |            ^^^
...
 68 |     pub fn active_contexts(&self) -> u8 { self.active }
    |            ^^^^^^^^^^^^^^^
 69 |     pub fn bytes_in_use(&self) -> usize { self.bytes_used }
    |            ^^^^^^^^^^^^
...
 73 |     pub fn ingest(&mut self, now_ms: u64, msg_id: u64, index: u16, total: u16, frag_bytes: usize) -> PeerEvent {
    |            ^^^^^^
...
148 |     fn free_context(&mut self, idx: usize) {
    |        ^^^^^^^^^^^^
...
158 |     pub fn evict_expired(&mut self, now_ms: u64) {
    |            ^^^^^^^^^^^^^

warning: struct `NodeCapacity` is never constructed
   --> src/transport/reassembly.rs:172:12
    |
172 | pub struct NodeCapacity {
    |            ^^^^^^^^^^^^

warning: multiple associated items are never used
   --> src/transport/reassembly.rs:178:12
    |
177 | impl NodeCapacity {
    | ----------------- associated items in this implementation
178 |     pub fn new() -> Self { Self { sessions: 0, bytes: 0 } }
    |            ^^^
179 |
180 |     pub fn try_admit_session(&mut self) -> NodeEvent {
    |            ^^^^^^^^^^^^^^^^^
...
186 |     pub fn release_session(&mut self) {
    |            ^^^^^^^^^^^^^^^
...
190 |     pub fn within_memory(&self, additional: usize) -> bool {
    |            ^^^^^^^^^^^^^
...
194 |     pub fn add_bytes(&mut self, n: usize) {
    |            ^^^^^^^^^
...
198 |     pub fn release_bytes(&mut self, n: usize) {
    |            ^^^^^^^^^^^^^
...
202 |     pub fn sessions(&self) -> u16 { self.sessions }
    |            ^^^^^^^^
203 |     pub fn bytes(&self) -> usize { self.bytes }
    |            ^^^^^

warning: `bolina` (bin "bolina" test) generated 193 warnings (run `cargo fix --bin "bolina" -p bolina --tests` to apply 3 suggestions)
warning: `bolina` (bin "bolina") generated 193 warnings (193 duplicates)
    Finished `test` profile [unoptimized + debuginfo] target(s) in 0.90s
  Executable `/Users/adolfousierstudio/srv/rs/bolina-rs/target/debug/deps/bolina-6b1bcac908454968`
  Executable `/Users/adolfousierstudio/srv/rs/bolina-rs/target/debug/deps/bolina-073029ad63b04e1c`
  Executable `/Users/adolfousierstudio/srv/rs/bolina-rs/target/debug/deps/ca-9df14ab421316505`
  Executable `/Users/adolfousierstudio/srv/rs/bolina-rs/target/debug/deps/ca_bounds-be389556fe0f5899`
  Executable `/Users/adolfousierstudio/srv/rs/bolina-rs/target/debug/deps/ca_limits-bcd1b19d97c13aeb`
  Executable `/Users/adolfousierstudio/srv/rs/bolina-rs/target/debug/deps/codec_bounds-361697533459d3c2`
  Executable `/Users/adolfousierstudio/srv/rs/bolina-rs/target/debug/deps/codec_limits-3772441d7982c96b`
  Executable `/Users/adolfousierstudio/srv/rs/bolina-rs/target/debug/deps/control_bounds-8d025a334ba0a121`
  Executable `/Users/adolfousierstudio/srv/rs/bolina-rs/target/debug/deps/cross_kat-b75fc3958780a59e`
  Executable `/Users/adolfousierstudio/srv/rs/bolina-rs/target/debug/deps/daemon_bounds-224934f24ad17a83`
  Executable `/Users/adolfousierstudio/srv/rs/bolina-rs/target/debug/deps/daemon_limits-9eda88e66224417a`
  Executable `/Users/adolfousierstudio/srv/rs/bolina-rs/target/debug/deps/kat-b2b35e3d52ca9928`
  Executable `/Users/adolfousierstudio/srv/rs/bolina-rs/target/debug/deps/reassembly-d360d1cfea2a805d`
  Executable `/Users/adolfousierstudio/srv/rs/bolina-rs/target/debug/deps/relay-d027a1e89e1f5aea`
  Executable `/Users/adolfousierstudio/srv/rs/bolina-rs/target/debug/deps/session-73c9f90c6a92eb6c`
  Executable `/Users/adolfousierstudio/srv/rs/bolina-rs/target/debug/deps/smoke-d0f4cc6aa77caef6`
  Executable `/Users/adolfousierstudio/srv/rs/bolina-rs/target/debug/deps/state-cbde52f7e35ba970`
  Executable `/Users/adolfousierstudio/srv/rs/bolina-rs/target/debug/deps/sync-66fe2b22ba0e6bda`
  Executable `/Users/adolfousierstudio/srv/rs/bolina-rs/target/debug/deps/transport-1d8c8e0faa3c5c12`
  Executable `/Users/adolfousierstudio/srv/rs/bolina-rs/target/debug/deps/vectors-dbfa2f2e3d5d4a5c`

*** result: Success

*** /Users/adolfousierstudio/.rustup/toolchains/1.98.0-aarch64-apple-darwin/bin/cargo test --verbose --package=bolina@0.1.0
       Fresh cfg-if v1.0.4
       Fresh version_check v0.9.5
       Fresh unicode-ident v1.0.24
       Fresh typenum v1.20.1
       Fresh subtle v2.6.1
       Fresh semver v1.0.28
       Fresh bitflags v2.13.1
       Fresh libc v0.2.189
       Fresh rustc_version v0.4.1
       Fresh cfg_aliases v0.2.2
       Fresh rand_core v0.10.1
       Fresh objc2-encode v4.1.0
       Fresh equivalent v1.0.2
       Fresh proc-macro2 v1.0.107
       Fresh getrandom v0.2.17
       Fresh objc2 v0.6.4
       Fresh winnow v1.0.4
       Fresh option-ext v0.2.0
       Fresh hashbrown v0.17.1
       Fresh quote v1.0.47
       Fresh generic-array v0.14.7
       Fresh rand_core v0.6.4
       Fresh toml_parser v1.1.3+spec-1.1.0
       Fresh block2 v0.6.2
       Fresh indexmap v2.14.1
       Fresh dirs-sys v0.5.0
       Fresh getrandom v0.4.3
       Fresh crypto-common v0.1.7
       Fresh syn v2.0.119
       Fresh block-buffer v0.10.4
       Fresh inout v0.1.4
       Fresh cpufeatures v0.2.17
       Fresh winnow v0.7.15
       Fresh opaque-debug v0.3.1
       Fresh signature v2.2.0
       Fresh toml_datetime v0.7.0
       Fresh nix v0.31.3
       Fresh syn v1.0.109
       Fresh zeroize_derive v1.5.0
       Fresh digest v0.10.7
       Fresh universal-hash v0.5.1
       Fresh aead v0.5.2
       Fresh ed25519 v2.2.3
       Fresh toml_edit v0.23.4
       Fresh dispatch2 v0.3.1
       Fresh dirs v6.0.0
       Fresh chacha20 v0.10.2
       Fresh zeroize v1.9.0
       Fresh poly1305 v0.8.0
       Fresh sha2 v0.10.9
       Fresh ctrlc v3.5.2
       Fresh shellexpand v3.1.2
       Fresh rand v0.10.2
       Fresh blake2 v0.10.6
       Fresh proc-macro-crate v3.4.0
       Fresh serde_derive v1.0.219
       Fresh cipher v0.4.4
       Fresh curve25519-dalek v4.1.3
       Fresh errno v0.3.14
       Fresh ntest_timeout v0.9.5
       Fresh serde v1.0.219
       Fresh ntest_test_cases v0.9.5
       Fresh fastrand v2.5.0
       Fresh once_cell v1.21.4
       Fresh ryu v1.0.23
       Fresh memchr v2.8.3
       Fresh chacha20 v0.9.1
       Fresh x25519-dalek v2.0.1
       Fresh ed25519-dalek v2.1.1
       Fresh rustix v1.1.4
       Fresh itoa v1.0.18
       Fresh ntest v0.9.5
       Fresh hex-literal v0.4.1
       Fresh hex v0.4.3
       Fresh chacha20poly1305 v0.10.1
       Fresh serde_json v1.0.140
       Fresh tempfile v3.27.0
warning: unused imports: `MAC_BYTES`, `compute_mac1`, and `verify_mac1`
 --> src/transport/mod.rs:8:16
  |
8 | pub use mac1::{compute_mac1, verify_mac1, MAC_BYTES};
  |                ^^^^^^^^^^^^  ^^^^^^^^^^^  ^^^^^^^^^
  |
  = note: `#[warn(unused_imports)]` (part of `#[warn(unused)]`) on by default

warning: unused imports: `Error as NoiseError`, `HandshakeResult`, `InitiationInfo`, `Initiator`, `KeyPair`, `MSG1_BEFORE_MAC1`, `MSG1_SIZE`, `MSG2_BEFORE_MAC1`, `MSG2_SIZE`, `Responder`, and `transport_nonce`
  --> src/transport/mod.rs:10:5
   |
10 |     transport_nonce, Error as NoiseError, HandshakeResult, Initiator, InitiationInfo, KeyPair,
   |     ^^^^^^^^^^^^^^^  ^^^^^^^^^^^^^^^^^^^  ^^^^^^^^^^^^^^^  ^^^^^^^^^  ^^^^^^^^^^^^^^  ^^^^^^^
11 |     Responder, MSG1_BEFORE_MAC1, MSG1_SIZE, MSG2_BEFORE_MAC1, MSG2_SIZE,
   |     ^^^^^^^^^  ^^^^^^^^^^^^^^^^  ^^^^^^^^^  ^^^^^^^^^^^^^^^^  ^^^^^^^^^

warning: unused variable: `spec`
  --> src/main.rs:35:15
   |
35 | fn parse_bind(spec: &str) -> Option<SocketAddr> {
   |               ^^^^ help: if this is intentional, prefix it with an underscore: `_spec`
   |
   = note: `#[warn(unused_variables)]` (part of `#[warn(unused)]`) on by default

warning: constant `DOMAIN_CERT` is never used
  --> src/ca.rs:15:7
   |
15 | const DOMAIN_CERT: u8 = 0x01;
   |       ^^^^^^^^^^^
   |
   = note: `#[warn(dead_code)]` (part of `#[warn(unused)]`) on by default

warning: constant `KEY_LEN` is never used
  --> src/ca.rs:16:7
   |
16 | const KEY_LEN: usize = 32;
   |       ^^^^^^^

warning: constant `MAX_PRIVILEGED_LIFETIME_MS` is never used
  --> src/ca.rs:17:7
   |
17 | const MAX_PRIVILEGED_LIFETIME_MS: u64 = 30 * 24 * 3600 * 1000; // 30 days
   |       ^^^^^^^^^^^^^^^^^^^^^^^^^^

warning: enum `CaError` is never used
  --> src/ca.rs:20:10
   |
20 | pub enum CaError {
   |          ^^^^^^^

warning: type alias `Result` is never used
  --> src/ca.rs:30:10
   |
30 | pub type Result<T> = std::result::Result<T, CaError>;
   |          ^^^^^^

warning: function `serial_of` is never used
  --> src/ca.rs:34:8
   |
34 | pub fn serial_of(tbs: &[u8]) -> [u8; 32] {
   |        ^^^^^^^^^

warning: function `ca_init` is never used
  --> src/ca.rs:50:8
   |
50 | pub fn ca_init(dir: &Path, count: usize) -> Result<()> {
   |        ^^^^^^^

warning: struct `IssueReq` is never constructed
  --> src/ca.rs:82:12
   |
82 | pub struct IssueReq {
   |            ^^^^^^^^

warning: struct `IssueResult` is never constructed
  --> src/ca.rs:90:12
   |
90 | pub struct IssueResult {
   |            ^^^^^^^^^^^

warning: function `ca_issue` is never used
  --> src/ca.rs:94:8
   |
94 | pub fn ca_issue(ca_dir: &Path, req: &IssueReq) -> Result<IssueResult> {
   |        ^^^^^^^^

warning: function `ca_list` is never used
   --> src/ca.rs:183:8
    |
183 | pub fn ca_list(ca_dir: &Path) -> Result<Vec<String>> {
    |        ^^^^^^^

warning: function `ca_show` is never used
   --> src/ca.rs:201:8
    |
201 | pub fn ca_show(ca_dir: &Path, serial: &str) -> Result<Vec<u8>> {
    |        ^^^^^^^

warning: function `ca_revoke` is never used
   --> src/ca.rs:208:8
    |
208 | pub fn ca_revoke(ca_dir: &Path, serial: &str, subject_expiry_ms: Option<u64>) -> Result<Vec<u8>> {
    |        ^^^^^^^^^

warning: constant `MAX_MESSAGE` is never used
  --> src/codec.rs:20:11
   |
20 | pub const MAX_MESSAGE: usize = 1 << 20;
   |           ^^^^^^^^^^^

warning: constant `LEN_PUBKEY` is never used
  --> src/codec.rs:21:11
   |
21 | pub const LEN_PUBKEY: usize = 32;
   |           ^^^^^^^^^^

warning: constant `LEN_SIG` is never used
  --> src/codec.rs:22:11
   |
22 | pub const LEN_SIG: usize = 64;
   |           ^^^^^^^

warning: constant `MAX_HEADER` is never used
  --> src/codec.rs:23:11
   |
23 | pub const MAX_HEADER: usize = 512;
   |           ^^^^^^^^^^

warning: constant `MAX_BODY` is never used
  --> src/codec.rs:24:11
   |
24 | pub const MAX_BODY: u32 = (MAX_MESSAGE - MAX_HEADER) as u32;
   |           ^^^^^^^^

warning: constant `MAX_PARENTS` is never used
  --> src/codec.rs:25:11
   |
25 | pub const MAX_PARENTS: u8 = 4;
   |           ^^^^^^^^^^^

warning: constant `MAX_RESOURCE` is never used
  --> src/codec.rs:26:11
   |
26 | pub const MAX_RESOURCE: usize = 256;
   |           ^^^^^^^^^^^^

warning: constant `MAX_ACTION` is never used
  --> src/codec.rs:27:11
   |
27 | pub const MAX_ACTION: u32 = 256 * 1024;
   |           ^^^^^^^^^^

warning: constant `MAX_RATIONALE` is never used
  --> src/codec.rs:28:11
   |
28 | pub const MAX_RATIONALE: usize = 4 * 1024;
   |           ^^^^^^^^^^^^^

warning: constant `MAX_NOTE` is never used
  --> src/codec.rs:29:11
   |
29 | pub const MAX_NOTE: usize = 1024;
   |           ^^^^^^^^

warning: constant `MAX_NAME` is never used
  --> src/codec.rs:30:11
   |
30 | pub const MAX_NAME: usize = 64;
   |           ^^^^^^^^

warning: constant `MAX_SCOPE` is never used
  --> src/codec.rs:31:11
   |
31 | pub const MAX_SCOPE: u8 = 8;
   |           ^^^^^^^^^

warning: constant `MAX_CA_SIGS` is never used
  --> src/codec.rs:32:11
   |
32 | pub const MAX_CA_SIGS: u8 = 4;
   |           ^^^^^^^^^^^

warning: constant `LEN_CHANNEL_ID` is never used
  --> src/codec.rs:34:11
   |
34 | pub const LEN_CHANNEL_ID: usize = 32;
   |           ^^^^^^^^^^^^^^

warning: constant `LEN_PARENT` is never used
  --> src/codec.rs:35:11
   |
35 | pub const LEN_PARENT: usize = 32;
   |           ^^^^^^^^^^

warning: constant `LEN_INTENT_ID` is never used
  --> src/codec.rs:36:11
   |
36 | pub const LEN_INTENT_ID: usize = 16;
   |           ^^^^^^^^^^^^^

warning: constant `LEN_GRANT_ID` is never used
  --> src/codec.rs:37:11
   |
37 | pub const LEN_GRANT_ID: usize = 16;
   |           ^^^^^^^^^^^^

warning: constant `LEN_ACTION_DIGEST` is never used
  --> src/codec.rs:38:11
   |
38 | pub const LEN_ACTION_DIGEST: usize = 32;
   |           ^^^^^^^^^^^^^^^^^

warning: constant `LEN_SCOPE_ID` is never used
  --> src/codec.rs:39:11
   |
39 | pub const LEN_SCOPE_ID: usize = 8;
   |           ^^^^^^^^^^^^

warning: constant `LEN_SPAN_REF` is never used
  --> src/codec.rs:40:11
   |
40 | pub const LEN_SPAN_REF: usize = 16;
   |           ^^^^^^^^^^^^

warning: constant `LEN_CA_KEY` is never used
  --> src/codec.rs:41:11
   |
41 | pub const LEN_CA_KEY: usize = 32;
   |           ^^^^^^^^^^

warning: constant `LEN_SPAN_ID` is never used
  --> src/codec.rs:43:11
   |
43 | pub const LEN_SPAN_ID: usize = 16;
   |           ^^^^^^^^^^^

warning: constant `LEN_TRACE_ID` is never used
  --> src/codec.rs:44:11
   |
44 | pub const LEN_TRACE_ID: usize = 16;
   |           ^^^^^^^^^^^^

warning: constant `LEN_ORIGIN` is never used
  --> src/codec.rs:45:11
   |
45 | pub const LEN_ORIGIN: usize = 32;
   |           ^^^^^^^^^^

warning: constant `LEN_DIGEST` is never used
  --> src/codec.rs:46:11
   |
46 | pub const LEN_DIGEST: usize = 32;
   |           ^^^^^^^^^^

warning: constant `DOMAIN_CERT` is never used
  --> src/codec.rs:49:11
   |
49 | pub const DOMAIN_CERT: u8 = 0x01;
   |           ^^^^^^^^^^^

warning: constant `DOMAIN_ENVELOPE` is never used
  --> src/codec.rs:50:11
   |
50 | pub const DOMAIN_ENVELOPE: u8 = 0x02;
   |           ^^^^^^^^^^^^^^^

warning: constant `DOMAIN_SPAN` is never used
  --> src/codec.rs:51:11
   |
51 | pub const DOMAIN_SPAN: u8 = 0x03;
   |           ^^^^^^^^^^^

warning: constant `DOMAIN_GRANT` is never used
  --> src/codec.rs:52:11
   |
52 | pub const DOMAIN_GRANT: u8 = 0x04;
   |           ^^^^^^^^^^^^

warning: constant `DOMAIN_REFUSAL` is never used
  --> src/codec.rs:53:11
   |
53 | pub const DOMAIN_REFUSAL: u8 = 0x06;
   |           ^^^^^^^^^^^^^^

warning: constant `BODY_UTTERANCE` is never used
  --> src/codec.rs:56:11
   |
56 | pub const BODY_UTTERANCE: u8 = 1;
   |           ^^^^^^^^^^^^^^

warning: constant `BODY_INTENT` is never used
  --> src/codec.rs:57:11
   |
57 | pub const BODY_INTENT: u8 = 2;
   |           ^^^^^^^^^^^

warning: constant `BODY_GRANT` is never used
  --> src/codec.rs:58:11
   |
58 | pub const BODY_GRANT: u8 = 3;
   |           ^^^^^^^^^^

warning: enum `ParseError` is never used
  --> src/codec.rs:63:10
   |
63 | pub enum ParseError {
   |          ^^^^^^^^^^

warning: struct `Cursor` is never constructed
  --> src/codec.rs:78:8
   |
78 | struct Cursor<'a> {
   |        ^^^^^^

warning: multiple associated items are never used
   --> src/codec.rs:84:8
    |
 83 | impl<'a> Cursor<'a> {
    | ------------------- associated items in this implementation
 84 |     fn new(buf: &'a [u8]) -> Self {
    |        ^^^
...
 88 |     fn need(&self, n: usize) -> Result<(), ParseError> {
    |        ^^^^
...
 95 |     fn u8r(&mut self) -> Result<u8, ParseError> {
    |        ^^^
...
101 |     fn u16be(&mut self) -> Result<u16, ParseError> {
    |        ^^^^^
...
107 |     fn u32be(&mut self) -> Result<u32, ParseError> {
    |        ^^^^^
...
118 |     fn u64be(&mut self) -> Result<u64, ParseError> {
    |        ^^^^^
...
125 |     fn take(&mut self, n: usize) -> Result<&'a [u8], ParseError> {
    |        ^^^^
...
132 |     fn field16(&mut self, max: usize) -> Result<&'a [u8], ParseError> {
    |        ^^^^^^^
...
140 |     fn field32(&mut self, max: u32) -> Result<&'a [u8], ParseError> {
    |        ^^^^^^^
...
147 |     fn rest(&self) -> &'a [u8] {
    |        ^^^^

warning: struct `Envelope` is never constructed
   --> src/codec.rs:155:12
    |
155 | pub struct Envelope<'a> {
    |            ^^^^^^^^

warning: struct `Intent` is never constructed
   --> src/codec.rs:170:12
    |
170 | pub struct Intent<'a> {
    |            ^^^^^^

warning: struct `Grant` is never constructed
   --> src/codec.rs:178:12
    |
178 | pub struct Grant<'a> {
    |            ^^^^^

warning: struct `Refusal` is never constructed
   --> src/codec.rs:193:12
    |
193 | pub struct Refusal<'a> {
    |            ^^^^^^^

warning: struct `Span` is never constructed
   --> src/codec.rs:201:12
    |
201 | pub struct Span<'a> {
    |            ^^^^

warning: struct `Cert` is never constructed
   --> src/codec.rs:217:12
    |
217 | pub struct Cert<'a> {
    |            ^^^^

warning: function `parse_envelope` is never used
   --> src/codec.rs:237:8
    |
237 | pub fn parse_envelope(buf: &[u8]) -> Result<Envelope<'_>, ParseError> {
    |        ^^^^^^^^^^^^^^

warning: function `parse_intent` is never used
   --> src/codec.rs:278:8
    |
278 | pub fn parse_intent(buf: &[u8]) -> Result<Intent<'_>, ParseError> {
    |        ^^^^^^^^^^^^

warning: function `parse_grant` is never used
   --> src/codec.rs:299:8
    |
299 | pub fn parse_grant(buf: &[u8]) -> Result<Grant<'_>, ParseError> {
    |        ^^^^^^^^^^^

warning: function `parse_refusal` is never used
   --> src/codec.rs:332:8
    |
332 | pub fn parse_refusal(buf: &[u8]) -> Result<Refusal<'_>, ParseError> {
    |        ^^^^^^^^^^^^^

warning: function `parse_span` is never used
   --> src/codec.rs:353:8
    |
353 | pub fn parse_span(buf: &[u8]) -> Result<Span<'_>, ParseError> {
    |        ^^^^^^^^^^

warning: function `parse_cert` is never used
   --> src/codec.rs:391:8
    |
391 | pub fn parse_cert(buf: &[u8]) -> Result<Cert<'_>, ParseError> {
    |        ^^^^^^^^^^

warning: function `verify_signed` is never used
   --> src/codec.rs:452:8
    |
452 | pub fn verify_signed(domain_tag: u8, tbs: &[u8], sig: &[u8], signer: &[u8]) -> bool {
    |        ^^^^^^^^^^^^^

warning: function `push_field16` is never used
   --> src/codec.rs:470:4
    |
470 | fn push_field16(out: &mut Vec<u8>, v: &[u8]) {
    |    ^^^^^^^^^^^^

warning: function `push_field32` is never used
   --> src/codec.rs:475:4
    |
475 | fn push_field32(out: &mut Vec<u8>, v: &[u8]) {
    |    ^^^^^^^^^^^^

warning: function `encode_envelope` is never used
   --> src/codec.rs:480:8
    |
480 | pub fn encode_envelope(e: &Envelope<'_>) -> Vec<u8> {
    |        ^^^^^^^^^^^^^^^

warning: function `encode_intent` is never used
   --> src/codec.rs:496:8
    |
496 | pub fn encode_intent(i: &Intent<'_>) -> Vec<u8> {
    |        ^^^^^^^^^^^^^

warning: function `encode_grant` is never used
   --> src/codec.rs:505:8
    |
505 | pub fn encode_grant(g: &Grant<'_>) -> Vec<u8> {
    |        ^^^^^^^^^^^^

warning: function `encode_refusal` is never used
   --> src/codec.rs:520:8
    |
520 | pub fn encode_refusal(r: &Refusal<'_>) -> Vec<u8> {
    |        ^^^^^^^^^^^^^^

warning: function `encode_span` is never used
   --> src/codec.rs:528:8
    |
528 | pub fn encode_span(s: &Span<'_>) -> Vec<u8> {
    |        ^^^^^^^^^^^

warning: function `encode_cert` is never used
   --> src/codec.rs:544:8
    |
544 | pub fn encode_cert(c: &Cert<'_>) -> Vec<u8> {
    |        ^^^^^^^^^^^

warning: field `started` is never read
  --> src/daemon.rs:43:9
   |
35 | pub struct Daemon {
   |            ------ field in this struct
...
43 |     pub started: Instant,
   |         ^^^^^^^

warning: fields `kex_secret`, `kex_pub`, and `sig_secret` are never read
   --> src/daemon.rs:195:9
    |
194 | pub struct Keys {
    |            ---- fields in this struct
195 |     pub kex_secret: [u8; 32],
    |         ^^^^^^^^^^
196 |     pub kex_pub: [u8; 32],
    |         ^^^^^^^
197 |     pub sig_secret: [u8; 32],
    |         ^^^^^^^^^^

warning: method `sessions` is never used
   --> src/daemon.rs:224:12
    |
215 | impl SessionTable {
    | ----------------- method in this implementation
...
224 |     pub fn sessions(&self) -> usize {
    |            ^^^^^^^^

warning: fields `peer_kex`, `c1`, `c2`, `nonce_in`, and `nonce_out` are never read
   --> src/daemon.rs:231:9
    |
229 | pub struct Session {
    |            ------- fields in this struct
230 |     pub bound: bool,
231 |     pub peer_kex: [u8; 32],
    |         ^^^^^^^^
232 |     pub c1: [u8; 32],
    |         ^^
233 |     pub c2: [u8; 32],
    |         ^^
234 |     pub nonce_in: u64,
    |         ^^^^^^^^
235 |     pub nonce_out: u64,
    |         ^^^^^^^^^

warning: constant `T_PENDING_MS` is never used
 --> src/state/intent.rs:5:11
  |
5 | pub const T_PENDING_MS: u64 = 900_000; // BE-GRANT-06a default (intent.zig:45)
  |           ^^^^^^^^^^^^

warning: constant `MAX_PENDING` is never used
 --> src/state/intent.rs:6:11
  |
6 | pub const MAX_PENDING: usize = 256; // overflow is a refusal, not a grow (intent.zig:46)
  |           ^^^^^^^^^^^

warning: enum `IntentError` is never used
  --> src/state/intent.rs:12:10
   |
12 | pub enum IntentError {
   |          ^^^^^^^^^^^

warning: enum `RefusalOutcome` is never used
  --> src/state/intent.rs:21:10
   |
21 | pub enum RefusalOutcome {
   |          ^^^^^^^^^^^^^^

warning: variants `Pending`, `Executing`, `Expired`, and `Rejected` are never constructed
  --> src/state/intent.rs:28:5
   |
27 | pub enum State {
   |          ----- variants in this enum
28 |     Pending,
   |     ^^^^^^^
29 |     Executing, // grant verified, effect started (BE-GRANT-03a)
   |     ^^^^^^^^^
30 |     Expired,   // T_pending fired or restart collapse (BE-GRANT-06a/04)
   |     ^^^^^^^
31 |     Rejected,  // matched refusal, terminal (BE-GRANT-10)
   |     ^^^^^^^^
   |
   = note: `State` has derived impls for the traits `Clone` and `Debug`, but these are intentionally ignored during dead code analysis

warning: fields `intent_id`, `resource_id`, `resource_len`, `state`, and `admitted_ms` are never read
  --> src/state/intent.rs:37:9
   |
36 | pub struct Entry {
   |            ----- fields in this struct
37 |     pub intent_id: [u8; LEN_INTENT_ID],
   |         ^^^^^^^^^
38 |     pub resource_id: [u8; MAX_RESOURCE],
   |         ^^^^^^^^^^^
39 |     pub resource_len: usize,
   |         ^^^^^^^^^^^^
40 |     pub state: State,
   |         ^^^^^
41 |     pub admitted_ms: u64,
   |         ^^^^^^^^^^^
   |
   = note: `Entry` has derived impls for the traits `Clone` and `Debug`, but these are intentionally ignored during dead code analysis

warning: field `entries` is never read
  --> src/state/intent.rs:45:5
   |
44 | pub struct Table {
   |            ----- field in this struct
45 |     entries: Vec<Entry>, // hard-capped at MAX_PENDING; overflow refuses
   |     ^^^^^^^

warning: multiple methods are never used
   --> src/state/intent.rs:60:12
    |
 54 | impl Table {
    | ---------- methods in this implementation
...
 60 |     pub fn len(&self) -> usize {
    |            ^^^
...
 64 |     pub fn is_empty(&self) -> bool {
    |            ^^^^^^^^
...
 70 |     pub fn admit(
    |            ^^^^^
...
102 |     pub fn match_for_grant(&self, intent_id: &[u8; LEN_INTENT_ID]) -> Option<usize> {
    |            ^^^^^^^^^^^^^^^
...
109 |     pub fn begin_executing(&mut self, idx: usize) -> Result<(), IntentError> {
    |            ^^^^^^^^^^^^^^^
...
121 |     pub fn apply_refusal(&mut self, intent_id: &[u8; LEN_INTENT_ID]) -> RefusalOutcome {
    |            ^^^^^^^^^^^^^
...
135 |     pub fn expire_timeouts(&mut self, now_ms: u64) -> usize {
    |            ^^^^^^^^^^^^^^^
...
151 |     fn compact(&mut self) {
    |        ^^^^^^^

warning: constant `TAG_COMMIT` is never used
  --> src/state/ledger.rs:19:11
   |
19 | pub const TAG_COMMIT: u8 = 0x01; // + grant_id(16) + expiry u64be = 25
   |           ^^^^^^^^^^

warning: constant `TAG_PUBLISHED` is never used
  --> src/state/ledger.rs:20:11
   |
20 | pub const TAG_PUBLISHED: u8 = 0x02; // + grant_id(16) = 17
   |           ^^^^^^^^^^^^^

warning: constant `TAG_REVOKE` is never used
  --> src/state/ledger.rs:21:11
   |
21 | pub const TAG_REVOKE: u8 = 0x03; // + sig_pubkey(32) + cert_expiry u64be = 41
   |           ^^^^^^^^^^

warning: constant `TAG_FIRST_RECEIPT` is never used
  --> src/state/ledger.rs:22:11
   |
22 | pub const TAG_FIRST_RECEIPT: u8 = 0x04; // + grant_id(16) + time u64be = 25
   |           ^^^^^^^^^^^^^^^^^

warning: constant `REC_COMMIT_LEN` is never used
  --> src/state/ledger.rs:23:11
   |
23 | pub const REC_COMMIT_LEN: usize = 25;
   |           ^^^^^^^^^^^^^^

warning: constant `REC_PUBLISHED_LEN` is never used
  --> src/state/ledger.rs:24:11
   |
24 | pub const REC_PUBLISHED_LEN: usize = 17;
   |           ^^^^^^^^^^^^^^^^^

warning: constant `REC_REVOKE_LEN` is never used
  --> src/state/ledger.rs:25:11
   |
25 | pub const REC_REVOKE_LEN: usize = 41;
   |           ^^^^^^^^^^^^^^

warning: constant `REC_FIRST_RECEIPT_LEN` is never used
  --> src/state/ledger.rs:26:11
   |
26 | pub const REC_FIRST_RECEIPT_LEN: usize = 25;
   |           ^^^^^^^^^^^^^^^^^^^^^

warning: constant `MAX_LIVE` is never used
  --> src/state/ledger.rs:27:11
   |
27 | pub const MAX_LIVE: usize = 1024; // grant_ledger.zig:63 (consumed/revoked/published)
   |           ^^^^^^^^

warning: variants `BadLog` and `ResourceExhausted` are never constructed
  --> src/state/ledger.rs:34:5
   |
33 | pub enum LedgerError {
   |          ----------- variants in this enum
34 |     BadLog,             // committed record failed parse outside trailing partial
   |     ^^^^^^
35 |     ResourceExhausted,  // live cap reached, prune did not free enough
   |     ^^^^^^^^^^^^^^^^^
   |
   = note: `LedgerError` has derived impls for the traits `Clone` and `Debug`, but these are intentionally ignored during dead code analysis

warning: struct `Recovery` is never constructed
  --> src/state/ledger.rs:40:12
   |
40 | pub struct Recovery {
   |            ^^^^^^^^

warning: multiple fields are never read
  --> src/state/ledger.rs:48:5
   |
47 | pub struct GrantLedger {
   |            ----------- fields in this struct
48 |     file: Option<File>,
   |     ^^^^
49 |     read_only: bool,
   |     ^^^^^^^^^
50 |     path: PathBuf,
   |     ^^^^
51 |     // grant_id -> expiry_ms (live, un-tombstoned); cap MAX_LIVE (line 121)
52 |     consumed: HashMap<[u8; GRANT_ID_LEN], u64>,
   |     ^^^^^^^^
53 |     consumed_order: Vec<[u8; GRANT_ID_LEN]>,
   |     ^^^^^^^^^^^^^^
54 |     published: HashSet<[u8; GRANT_ID_LEN]>, // cap MAX_LIVE (line 129)
   |     ^^^^^^^^^
55 |     // signer pubkey -> cert_expiry_ms; NEVER pruned (BE-REV-02), cap MAX_LIVE
56 |     revoked: HashMap<[u8; SIG_PUBKEY_LEN], u64>,
   |     ^^^^^^^
57 |     // grant_id -> T_recv anchor; first sighting wins (F4)
58 |     first_receipts: HashMap<[u8; GRANT_ID_LEN], u64>,
   |     ^^^^^^^^^^^^^^

warning: function `be64` is never used
  --> src/state/ledger.rs:61:4
   |
61 | fn be64(buf: &[u8]) -> u64 {
   |    ^^^^

warning: function `put_be64` is never used
  --> src/state/ledger.rs:65:4
   |
65 | fn put_be64(out: &mut Vec<u8>, v: u64) {
   |    ^^^^^^^^

warning: multiple associated items are never used
   --> src/state/ledger.rs:95:12
    |
 69 | impl GrantLedger {
    | ---------------- associated items in this implementation
...
 95 |     pub fn open_read_only(path: &Path) -> Result<Self, LedgerError> {
    |            ^^^^^^^^^^^^^^
...
112 |     pub fn recover(&mut self) -> Result<Recovery, LedgerError> {
    |            ^^^^^^^
...
182 |     pub fn commit_consumed(
    |            ^^^^^^^^^^^^^^^
...
207 |     pub fn mark_published(&mut self, grant_id: &[u8; GRANT_ID_LEN]) -> Result<(), LedgerError> {
    |            ^^^^^^^^^^^^^^
...
221 |     pub fn commit_revocation(
    |            ^^^^^^^^^^^^^^^^^
...
241 |     pub fn record_first_receipt(&mut self, grant_id: &[u8; GRANT_ID_LEN], time_ms: u64) -> Result<(), LedgerError> {
    |            ^^^^^^^^^^^^^^^^^^^^
...
253 |     pub fn get_first_receipt(&self, grant_id: &[u8; GRANT_ID_LEN]) -> Option<u64> {
    |            ^^^^^^^^^^^^^^^^^
...
257 |     pub fn is_consumed(&self, grant_id: &[u8; GRANT_ID_LEN]) -> bool {
    |            ^^^^^^^^^^^
...
261 |     pub fn is_published(&self, grant_id: &[u8; GRANT_ID_LEN]) -> bool {
    |            ^^^^^^^^^^^^
...
265 |     pub fn is_revoked(&self, sig_pubkey: &[u8; SIG_PUBKEY_LEN]) -> bool {
    |            ^^^^^^^^^^
...
271 |     pub fn prune_expired(&mut self, now_ms: u64) -> Result<(), LedgerError> {
    |            ^^^^^^^^^^^^^
...
331 |     pub fn close(&mut self) {
    |            ^^^^^
...
335 |     fn handle(&mut self) -> Result<&mut File, LedgerError> {
    |        ^^^^^^
...
341 |     fn append(&mut self, rec: &[u8]) -> Result<(), LedgerError> {
    |        ^^^^^^

warning: constant `DHLEN` is never used
  --> src/transport/noise.rs:15:11
   |
15 | pub const DHLEN: usize = 32;
   |           ^^^^^

warning: constant `HASHLEN` is never used
  --> src/transport/noise.rs:16:11
   |
16 | pub const HASHLEN: usize = 32;
   |           ^^^^^^^

warning: constant `KEYLEN` is never used
  --> src/transport/noise.rs:17:11
   |
17 | pub const KEYLEN: usize = 32;
   |           ^^^^^^

warning: constant `TAGLEN` is never used
  --> src/transport/noise.rs:18:11
   |
18 | pub const TAGLEN: usize = 16;
   |           ^^^^^^

warning: constant `NONCELEN` is never used
  --> src/transport/noise.rs:19:11
   |
19 | pub const NONCELEN: usize = 12;
   |           ^^^^^^^^

warning: constant `PROTOCOL_NAME` is never used
  --> src/transport/noise.rs:20:11
   |
20 | pub const PROTOCOL_NAME: &[u8] = b"Noise_IK_25519_ChaChaPoly_BLAKE2s";
   |           ^^^^^^^^^^^^^

warning: constant `MSG1_SIZE` is never used
  --> src/transport/noise.rs:24:11
   |
24 | pub const MSG1_SIZE: usize = 144;
   |           ^^^^^^^^^

warning: constant `MSG2_SIZE` is never used
  --> src/transport/noise.rs:25:11
   |
25 | pub const MSG2_SIZE: usize = 92;
   |           ^^^^^^^^^

warning: constant `MSG1_BEFORE_MAC1` is never used
  --> src/transport/noise.rs:26:11
   |
26 | pub const MSG1_BEFORE_MAC1: usize = 112;
   |           ^^^^^^^^^^^^^^^^

warning: constant `MSG2_BEFORE_MAC1` is never used
  --> src/transport/noise.rs:27:11
   |
27 | pub const MSG2_BEFORE_MAC1: usize = 60;
   |           ^^^^^^^^^^^^^^^^

warning: constant `OFF1_SENDER_INDEX` is never used
  --> src/transport/noise.rs:29:11
   |
29 | pub const OFF1_SENDER_INDEX: usize = 4;
   |           ^^^^^^^^^^^^^^^^^

warning: constant `OFF1_EPHEMERAL` is never used
  --> src/transport/noise.rs:30:11
   |
30 | pub const OFF1_EPHEMERAL: usize = 8;
   |           ^^^^^^^^^^^^^^

warning: constant `OFF1_ENC_STATIC` is never used
  --> src/transport/noise.rs:31:11
   |
31 | pub const OFF1_ENC_STATIC: usize = 40; // 48 bytes (32 + tag)
   |           ^^^^^^^^^^^^^^^

warning: constant `OFF1_ENC_TIMESTAMP` is never used
  --> src/transport/noise.rs:32:11
   |
32 | pub const OFF1_ENC_TIMESTAMP: usize = 88; // 24 bytes (8 + tag)
   |           ^^^^^^^^^^^^^^^^^^

warning: constant `OFF1_MAC1` is never used
  --> src/transport/noise.rs:33:11
   |
33 | pub const OFF1_MAC1: usize = 112;
   |           ^^^^^^^^^

warning: constant `OFF1_MAC2` is never used
  --> src/transport/noise.rs:34:11
   |
34 | pub const OFF1_MAC2: usize = 128;
   |           ^^^^^^^^^

warning: constant `OFF2_SENDER_INDEX` is never used
  --> src/transport/noise.rs:36:11
   |
36 | pub const OFF2_SENDER_INDEX: usize = 4;
   |           ^^^^^^^^^^^^^^^^^

warning: constant `OFF2_RECEIVER_INDEX` is never used
  --> src/transport/noise.rs:37:11
   |
37 | pub const OFF2_RECEIVER_INDEX: usize = 8; // G2 fix: echo of the INITIATOR index
   |           ^^^^^^^^^^^^^^^^^^^

warning: constant `OFF2_EPHEMERAL` is never used
  --> src/transport/noise.rs:38:11
   |
38 | pub const OFF2_EPHEMERAL: usize = 12;
   |           ^^^^^^^^^^^^^^

warning: constant `OFF2_ENC_NOTHING` is never used
  --> src/transport/noise.rs:39:11
   |
39 | pub const OFF2_ENC_NOTHING: usize = 44; // 16 bytes (0 + tag)
   |           ^^^^^^^^^^^^^^^^

warning: constant `OFF2_MAC1` is never used
  --> src/transport/noise.rs:40:11
   |
40 | pub const OFF2_MAC1: usize = 60;
   |           ^^^^^^^^^

warning: constant `OFF2_MAC2` is never used
  --> src/transport/noise.rs:41:11
   |
41 | pub const OFF2_MAC2: usize = 76;
   |           ^^^^^^^^^

warning: enum `Error` is never used
  --> src/transport/noise.rs:44:10
   |
44 | pub enum Error {
   |          ^^^^^

warning: struct `HandshakeResult` is never constructed
  --> src/transport/noise.rs:53:12
   |
53 | pub struct HandshakeResult {
   |            ^^^^^^^^^^^^^^^

warning: function `hmac_blake2s` is never used
  --> src/transport/noise.rs:62:4
   |
62 | fn hmac_blake2s(key: &[u8], data: &[u8]) -> [u8; 32] {
   |    ^^^^^^^^^^^^

warning: function `transport_nonce` is never used
  --> src/transport/noise.rs:88:8
   |
88 | pub fn transport_nonce(counter: u64) -> [u8; NONCELEN] {
   |        ^^^^^^^^^^^^^^^

warning: function `hmac_pair` is never used
  --> src/transport/noise.rs:97:4
   |
97 | fn hmac_pair(key: &[u8; 32], data: &[u8]) -> [u8; 32] {
   |    ^^^^^^^^^

warning: function `hkdf2` is never used
   --> src/transport/noise.rs:101:4
    |
101 | fn hkdf2(ck: &[u8; 32], ikm: &[u8]) -> ([u8; 32], [u8; 32]) {
    |    ^^^^^

warning: function `dh` is never used
   --> src/transport/noise.rs:112:4
    |
112 | fn dh(sk: &[u8; 32], pk: &[u8; 32]) -> Result<[u8; DHLEN], Error> {
    |    ^^

warning: struct `SymmetricState` is never constructed
   --> src/transport/noise.rs:121:12
    |
121 | pub struct SymmetricState {
    |            ^^^^^^^^^^^^^^

warning: associated items `init`, `mix_hash`, `mix_key`, `encrypt_and_hash`, `decrypt_and_hash`, and `split` are never used
   --> src/transport/noise.rs:132:12
    |
129 | impl SymmetricState {
    | ------------------- associated items in this implementation
...
132 |     pub fn init() -> Self {
    |            ^^^^
...
141 |     pub fn mix_hash(&mut self, data: &[u8]) {
    |            ^^^^^^^^
...
149 |     pub fn mix_key(&mut self, ikm: &[u8; DHLEN]) {
    |            ^^^^^^^
...
160 |     pub fn encrypt_and_hash(&mut self, out: &mut [u8], pt: &[u8]) {
    |            ^^^^^^^^^^^^^^^^
...
182 |     pub fn decrypt_and_hash(&mut self, out: &mut [u8], ct: &[u8]) -> Result<(), Error> {
    |            ^^^^^^^^^^^^^^^^
...
203 |     pub fn split(&self) -> ([u8; KEYLEN], [u8; KEYLEN]) {
    |            ^^^^^

warning: struct `KeyPair` is never constructed
   --> src/transport/noise.rs:209:12
    |
209 | pub struct KeyPair {
    |            ^^^^^^^

warning: associated function `from_secret` is never used
   --> src/transport/noise.rs:215:12
    |
214 | impl KeyPair {
    | ------------ associated function in this implementation
215 |     pub fn from_secret(secret: [u8; DHLEN]) -> Self {
    |            ^^^^^^^^^^^

warning: struct `Initiator` is never constructed
   --> src/transport/noise.rs:221:12
    |
221 | pub struct Initiator {
    |            ^^^^^^^^^

warning: associated items `new`, `write_initiation`, `read_response`, and `finalize` are never used
   --> src/transport/noise.rs:230:12
    |
229 | impl Initiator {
    | -------------- associated items in this implementation
230 |     pub fn new(static_kp: KeyPair, responder_static_pub: [u8; DHLEN]) -> Self {
    |            ^^^
...
240 |     pub fn write_initiation(
    |            ^^^^^^^^^^^^^^^^
...
292 |     pub fn read_response(
    |            ^^^^^^^^^^^^^
...
321 |     pub fn finalize(self) -> HandshakeResult {
    |            ^^^^^^^^

warning: struct `Responder` is never constructed
   --> src/transport/noise.rs:328:12
    |
328 | pub struct Responder {
    |            ^^^^^^^^^

warning: struct `InitiationInfo` is never constructed
   --> src/transport/noise.rs:339:12
    |
339 | pub struct InitiationInfo {
    |            ^^^^^^^^^^^^^^

warning: associated items `new`, `read_initiation`, `write_response`, and `finalize` are never used
   --> src/transport/noise.rs:346:12
    |
345 | impl Responder {
    | -------------- associated items in this implementation
346 |     pub fn new(static_kp: KeyPair) -> Self {
    |            ^^^
...
354 |     pub fn read_initiation(
    |            ^^^^^^^^^^^^^^^
...
394 |     pub fn write_response(
    |            ^^^^^^^^^^^^^^
...
438 |     pub fn finalize(self) -> HandshakeResult {
    |            ^^^^^^^^

warning: constant `MAX_SESSIONS` is never used
  --> src/transport/session.rs:17:11
   |
17 | pub const MAX_SESSIONS: usize = 512;
   |           ^^^^^^^^^^^^

warning: constant `REKEY_AFTER_MS` is never used
  --> src/transport/session.rs:18:11
   |
18 | pub const REKEY_AFTER_MS: u64 = 120_000;
   |           ^^^^^^^^^^^^^^

warning: constant `REKEY_AFTER_MESSAGES` is never used
  --> src/transport/session.rs:19:11
   |
19 | pub const REKEY_AFTER_MESSAGES: u64 = 1 << 48;
   |           ^^^^^^^^^^^^^^^^^^^^

warning: constant `HEADER_SIZE` is never used
  --> src/transport/session.rs:20:11
   |
20 | pub const HEADER_SIZE: usize = 16;
   |           ^^^^^^^^^^^

warning: constant `MSG_TYPE_TRANSPORT` is never used
  --> src/transport/session.rs:21:11
   |
21 | pub const MSG_TYPE_TRANSPORT: u8 = 4;
   |           ^^^^^^^^^^^^^^^^^^

warning: enum `TransportError` is never used
  --> src/transport/session.rs:26:10
   |
26 | pub enum TransportError {
   |          ^^^^^^^^^^^^^^

warning: type alias `Result` is never used
  --> src/transport/session.rs:35:10
   |
35 | pub type Result<T> = std::result::Result<T, TransportError>;
   |          ^^^^^^

warning: struct `ReplayWindow` is never constructed
  --> src/transport/session.rs:40:12
   |
40 | pub struct ReplayWindow {
   |            ^^^^^^^^^^^^

warning: associated items `new`, `check`, and `zero` are never used
  --> src/transport/session.rs:46:12
   |
45 | impl ReplayWindow {
   | ----------------- associated items in this implementation
46 |     pub fn new() -> Self { Self { highest: 0, mask: 0 } }
   |            ^^^
...
50 |     pub fn check(&mut self, counter: u64) -> bool {
   |            ^^^^^
...
72 |     pub fn zero(&mut self) { self.highest = 0; self.mask = 0; }
   |            ^^^^

warning: struct `CipherState` is never constructed
  --> src/transport/session.rs:78:12
   |
78 | pub struct CipherState { pub key: [u8; 32], pub counter: u64 }
   |            ^^^^^^^^^^^

warning: associated items `new`, `seal`, and `zero` are never used
  --> src/transport/session.rs:81:12
   |
80 | impl CipherState {
   | ---------------- associated items in this implementation
81 |     pub fn new() -> Self { Self { key: [0; 32], counter: 0 } }
   |            ^^^
82 |
83 |     pub fn seal(&mut self, out: &mut [u8], plaintext: &[u8], ad: &[u8]) -> Result<()> {
   |            ^^^^
...
96 |     pub fn zero(&mut self) { self.key = [0; 32]; self.counter = 0; }
   |            ^^^^

warning: struct `RecvState` is never constructed
   --> src/transport/session.rs:102:12
    |
102 | pub struct RecvState { pub key: [u8; 32], pub window: ReplayWindow }
    |            ^^^^^^^^^

warning: associated items `new`, `open`, and `zero` are never used
   --> src/transport/session.rs:105:12
    |
104 | impl RecvState {
    | -------------- associated items in this implementation
105 |     pub fn new() -> Self { Self { key: [0; 32], window: ReplayWindow::new() } }
    |            ^^^
106 |
107 |     pub fn open(&mut self, out: &mut [u8], ad: &[u8], ct: &[u8], counter: u64) -> Result<usize> {
    |            ^^^^
...
121 |     pub fn zero(&mut self) { self.key = [0; 32]; self.window.zero(); }
    |            ^^^^

warning: struct `Session` is never constructed
   --> src/transport/session.rs:127:12
    |
127 | pub struct Session {
    |            ^^^^^^^

warning: associated items `new`, `due_for_rekey`, `seal`, `open`, and `rotate` are never used
   --> src/transport/session.rs:139:12
    |
138 | impl Session {
    | ------------ associated items in this implementation
139 |     pub fn new() -> Self {
    |            ^^^
...
148 |     pub fn due_for_rekey(&self, now_ms: u64) -> bool {
    |            ^^^^^^^^^^^^^
...
153 |     pub fn seal(&mut self, out: &mut [u8], plaintext: &[u8]) -> Result<usize> {
    |            ^^^^
...
165 |     pub fn open(&mut self, packet: &[u8], hdr_counter: u64, out: &mut [u8]) -> Result<usize> {
    |            ^^^^
...
170 |     pub fn rotate(&mut self, send_key: [u8; 32], recv_key: [u8; 32],
    |            ^^^^^^

warning: struct `SessionTable` is never constructed
   --> src/transport/session.rs:183:12
    |
183 | pub struct SessionTable { slots: [Session; MAX_SESSIONS] }
    |            ^^^^^^^^^^^^

warning: associated items `new`, `lookup`, `lookup_immut`, `admit`, and `release` are never used
   --> src/transport/session.rs:186:12
    |
185 | impl SessionTable {
    | ----------------- associated items in this implementation
186 |     pub fn new() -> Self { Self { slots: std::array::from_fn(|_| Session::new()) } }
    |            ^^^
187 |
188 |     pub fn lookup(&mut self, local_index: u32) -> Option<&mut Session> {
    |            ^^^^^^
...
195 |     pub fn lookup_immut(&self, local_index: u32) -> Option<&Session> {
    |            ^^^^^^^^^^^^
...
202 |     pub fn admit(&mut self, local_index: u32, peer_index: u32,
    |            ^^^^^
...
218 |     pub fn release(&mut self, local_index: u32) {
    |            ^^^^^^^

warning: constant `MSG_RELAY_ROUTE` is never used
 --> src/transport/relay.rs:9:11
  |
9 | pub const MSG_RELAY_ROUTE: u8 = 5;
  |           ^^^^^^^^^^^^^^^

warning: constant `MSG_RELAY_REGISTRATION` is never used
  --> src/transport/relay.rs:10:11
   |
10 | pub const MSG_RELAY_REGISTRATION: u8 = 6;
   |           ^^^^^^^^^^^^^^^^^^^^^^

warning: constant `DOMAIN_RELAY_REGISTRATION` is never used
  --> src/transport/relay.rs:11:11
   |
11 | pub const DOMAIN_RELAY_REGISTRATION: u8 = 0x07;
   |           ^^^^^^^^^^^^^^^^^^^^^^^^^

warning: constant `LEN_RELAY_ROUTE` is never used
  --> src/transport/relay.rs:13:11
   |
13 | pub const LEN_RELAY_ROUTE: usize = 20;
   |           ^^^^^^^^^^^^^^^

warning: constant `LEN_RELAY_REGISTRATION` is never used
  --> src/transport/relay.rs:14:11
   |
14 | pub const LEN_RELAY_REGISTRATION: usize = 124;
   |           ^^^^^^^^^^^^^^^^^^^^^^

warning: constant `LEN_RESERVED` is never used
  --> src/transport/relay.rs:15:11
   |
15 | pub const LEN_RESERVED: usize = 3;
   |           ^^^^^^^^^^^^

warning: constant `LEN_OVERLAY_ADDR` is never used
  --> src/transport/relay.rs:16:11
   |
16 | pub const LEN_OVERLAY_ADDR: usize = 16;
   |           ^^^^^^^^^^^^^^^^

warning: constant `LEN_SIG` is never used
  --> src/transport/relay.rs:17:11
   |
17 | pub const LEN_SIG: usize = 64;
   |           ^^^^^^^

warning: constant `LEN_PADDING` is never used
  --> src/transport/relay.rs:18:11
   |
18 | pub const LEN_PADDING: usize = 16;
   |           ^^^^^^^^^^^

warning: constant `MAX_RELAY_TABLE` is never used
  --> src/transport/relay.rs:20:11
   |
20 | pub const MAX_RELAY_TABLE: usize = 4096;
   |           ^^^^^^^^^^^^^^^

warning: constant `TIMESTAMP_SKEW` is never used
  --> src/transport/relay.rs:21:11
   |
21 | pub const TIMESTAMP_SKEW: u64 = 300;
   |           ^^^^^^^^^^^^^^

warning: constant `MAX_EXPIRY` is never used
  --> src/transport/relay.rs:22:11
   |
22 | pub const MAX_EXPIRY: u64 = 86400;
   |           ^^^^^^^^^^

warning: enum `RelayError` is never used
  --> src/transport/relay.rs:27:10
   |
27 | pub enum RelayError {
   |          ^^^^^^^^^^

warning: type alias `Result` is never used
  --> src/transport/relay.rs:37:10
   |
37 | pub type Result<T> = std::result::Result<T, RelayError>;
   |          ^^^^^^

warning: struct `RelayRoute` is never constructed
  --> src/transport/relay.rs:42:12
   |
42 | pub struct RelayRoute {
   |            ^^^^^^^^^^

warning: associated items `parse` and `encode` are never used
  --> src/transport/relay.rs:49:12
   |
48 | impl RelayRoute {
   | --------------- associated items in this implementation
49 |     pub fn parse(buf: &[u8]) -> Result<Self> {
   |            ^^^^^
...
59 |     pub fn encode(&self, out: &mut [u8]) {
   |            ^^^^^^

warning: struct `RelayRegistration` is never constructed
  --> src/transport/relay.rs:71:12
   |
71 | pub struct RelayRegistration {
   |            ^^^^^^^^^^^^^^^^^

warning: associated items `parse` and `tbs` are never used
   --> src/transport/relay.rs:82:12
    |
 81 | impl RelayRegistration {
    | ---------------------- associated items in this implementation
 82 |     pub fn parse(buf: &[u8]) -> Result<Self> {
    |            ^^^^^
...
100 |     pub fn tbs<'a>(&self, buf: &'a [u8]) -> &'a [u8] {
    |            ^^^

warning: struct `RelayEntry` is never constructed
   --> src/transport/relay.rs:108:12
    |
108 | pub struct RelayEntry {
    |            ^^^^^^^^^^

warning: struct `RelayTable` is never constructed
   --> src/transport/relay.rs:115:12
    |
115 | pub struct RelayTable {
    |            ^^^^^^^^^^

warning: associated items `new`, `insert`, `lookup`, `prune`, and `count` are never used
   --> src/transport/relay.rs:120:12
    |
119 | impl RelayTable {
    | --------------- associated items in this implementation
120 |     pub fn new() -> Self { Self { entries: Vec::with_capacity(MAX_RELAY_TABLE) } }
    |            ^^^
...
125 |     pub fn insert(&mut self, entry: RelayEntry) -> bool {
    |            ^^^^^^
...
137 |     pub fn lookup(&self, overlay_addr: &[u8]) -> Option<&RelayEntry> {
    |            ^^^^^^
...
141 |     pub fn prune(&mut self, now: u64) {
    |            ^^^^^
...
145 |     pub fn count(&self) -> usize { self.entries.len() }
    |            ^^^^^

warning: function `forward_packet` is never used
   --> src/transport/relay.rs:150:8
    |
150 | pub fn forward_packet<'a>(
    |        ^^^^^^^^^^^^^^

warning: constant `MAX_MESSAGE` is never used
  --> src/transport/reassembly.rs:13:11
   |
13 | pub const MAX_MESSAGE: usize = 1 << 20; // 1 MiB
   |           ^^^^^^^^^^^

warning: constant `MAX_HEADER` is never used
  --> src/transport/reassembly.rs:14:11
   |
14 | pub const MAX_HEADER: usize = 512;
   |           ^^^^^^^^^^

warning: constant `MAX_BODY_LEN` is never used
  --> src/transport/reassembly.rs:15:11
   |
15 | pub const MAX_BODY_LEN: usize = MAX_MESSAGE - MAX_HEADER;
   |           ^^^^^^^^^^^^

warning: constant `CONTEXTS_PER_PEER` is never used
  --> src/transport/reassembly.rs:16:11
   |
16 | pub const CONTEXTS_PER_PEER: u8 = 8;
   |           ^^^^^^^^^^^^^^^^^

warning: constant `MEMORY_PER_PEER` is never used
  --> src/transport/reassembly.rs:17:11
   |
17 | pub const MEMORY_PER_PEER: usize = 8 << 20; // 8 MiB
   |           ^^^^^^^^^^^^^^^

warning: constant `SESSIONS_PER_NODE` is never used
  --> src/transport/reassembly.rs:18:11
   |
18 | pub const SESSIONS_PER_NODE: u16 = 512;
   |           ^^^^^^^^^^^^^^^^^

warning: constant `MEMORY_PER_NODE` is never used
  --> src/transport/reassembly.rs:19:11
   |
19 | pub const MEMORY_PER_NODE: usize = 256 << 20; // 256 MiB
   |           ^^^^^^^^^^^^^^^

warning: constant `INCOMPLETE_TIMEOUT_MS` is never used
  --> src/transport/reassembly.rs:20:11
   |
20 | pub const INCOMPLETE_TIMEOUT_MS: u64 = 30_000;
   |           ^^^^^^^^^^^^^^^^^^^^^

warning: enum `PeerEvent` is never used
  --> src/transport/reassembly.rs:25:10
   |
25 | pub enum PeerEvent {
   |          ^^^^^^^^^

warning: enum `NodeEvent` is never used
  --> src/transport/reassembly.rs:33:10
   |
33 | pub enum NodeEvent {
   |          ^^^^^^^^^

warning: struct `Context` is never constructed
  --> src/transport/reassembly.rs:41:8
   |
41 | struct Context {
   |        ^^^^^^^

warning: associated function `new` is never used
  --> src/transport/reassembly.rs:52:8
   |
51 | impl Context {
   | ------------ associated function in this implementation
52 |     fn new() -> Self {
   |        ^^^

warning: struct `PeerReassembler` is never constructed
  --> src/transport/reassembly.rs:57:12
   |
57 | pub struct PeerReassembler<const MAX_CONTEXTS: usize, const MAX_FRAGMENTS: u16> {
   |            ^^^^^^^^^^^^^^^

warning: associated items `new`, `active_contexts`, `bytes_in_use`, `ingest`, `free_context`, and `evict_expired` are never used
   --> src/transport/reassembly.rs:64:12
    |
 63 | impl<const MAX_CONTEXTS: usize, const MAX_FRAGMENTS: u16> PeerReassembler<MAX_CONTEXTS, MAX_FRAGMENTS> {
    | ------------------------------------------------------------------------------------------------------ associated items in this implementation
 64 |     pub fn new() -> Self {
    |            ^^^
...
 68 |     pub fn active_contexts(&self) -> u8 { self.active }
    |            ^^^^^^^^^^^^^^^
 69 |     pub fn bytes_in_use(&self) -> usize { self.bytes_used }
    |            ^^^^^^^^^^^^
...
 73 |     pub fn ingest(&mut self, now_ms: u64, msg_id: u64, index: u16, total: u16, frag_bytes: usize) -> PeerEvent {
    |            ^^^^^^
...
148 |     fn free_context(&mut self, idx: usize) {
    |        ^^^^^^^^^^^^
...
158 |     pub fn evict_expired(&mut self, now_ms: u64) {
    |            ^^^^^^^^^^^^^

warning: struct `NodeCapacity` is never constructed
   --> src/transport/reassembly.rs:172:12
    |
172 | pub struct NodeCapacity {
    |            ^^^^^^^^^^^^

warning: multiple associated items are never used
   --> src/transport/reassembly.rs:178:12
    |
177 | impl NodeCapacity {
    | ----------------- associated items in this implementation
178 |     pub fn new() -> Self { Self { sessions: 0, bytes: 0 } }
    |            ^^^
179 |
180 |     pub fn try_admit_session(&mut self) -> NodeEvent {
    |            ^^^^^^^^^^^^^^^^^
...
186 |     pub fn release_session(&mut self) {
    |            ^^^^^^^^^^^^^^^
...
190 |     pub fn within_memory(&self, additional: usize) -> bool {
    |            ^^^^^^^^^^^^^
...
194 |     pub fn add_bytes(&mut self, n: usize) {
    |            ^^^^^^^^^
...
198 |     pub fn release_bytes(&mut self, n: usize) {
    |            ^^^^^^^^^^^^^
...
202 |     pub fn sessions(&self) -> u16 { self.sessions }
    |            ^^^^^^^^
203 |     pub fn bytes(&self) -> usize { self.bytes }
    |            ^^^^^

warning: unused variable: `i_sig`
  --> tests/transport.rs:52:9
   |
52 |     let i_sig = sigpub(0xC1);
   |         ^^^^^ help: if this is intentional, prefix it with an underscore: `_i_sig`
   |
   = note: `#[warn(unused_variables)]` (part of `#[warn(unused)]`) on by default

warning: unused import: `ntest::timeout`
  --> tests/vectors.rs:16:5
   |
16 | use ntest::timeout;
   |     ^^^^^^^^^^^^^^
   |
   = note: `#[warn(unused_imports)]` (part of `#[warn(unused)]`) on by default

warning: field `sig_hex` is never read
  --> tests/vectors.rs:49:5
   |
44 | struct Structure {
   |        --------- field in this struct
...
49 |     sig_hex: Option<String>,
   |     ^^^^^^^
   |
   = note: `#[warn(dead_code)]` (part of `#[warn(unused)]`) on by default

warning: field `expect` is never read
  --> tests/vectors.rs:65:5
   |
62 | struct Negative {
   |        -------- field in this struct
...
65 |     expect: String,
   |     ^^^^^^

warning: unused import: `std::fs`
 --> tests/ca.rs:4:5
  |
4 | use std::fs;
  |     ^^^^^^^
  |
  = note: `#[warn(unused_imports)]` (part of `#[warn(unused)]`) on by default

warning: `bolina` (bin "bolina") generated 193 warnings (run `cargo fix --bin "bolina" -p bolina` to apply 3 suggestions)
warning: `bolina` (test "transport") generated 1 warning (run `cargo fix --test "transport" -p bolina` to apply 1 suggestion)
warning: `bolina` (bin "bolina" test) generated 193 warnings (193 duplicates)
warning: `bolina` (test "vectors") generated 3 warnings (run `cargo fix --test "vectors" -p bolina` to apply 1 suggestion)
warning: `bolina` (test "ca") generated 1 warning (run `cargo fix --test "ca" -p bolina` to apply 1 suggestion)
       Fresh bolina v0.1.0 (/Users/adolfousierstudio/srv/rs/bolina-rs)
    Finished `test` profile [unoptimized + debuginfo] target(s) in 0.06s
     Running `/Users/adolfousierstudio/srv/rs/bolina-rs/target/debug/deps/bolina-6b1bcac908454968`

running 0 tests

test result: ok. 0 passed; 0 failed; 0 ignored; 0 measured; 0 filtered out; finished in 0.00s

     Running `/Users/adolfousierstudio/srv/rs/bolina-rs/target/debug/deps/bolina-073029ad63b04e1c`

running 0 tests

test result: ok. 0 passed; 0 failed; 0 ignored; 0 measured; 0 filtered out; finished in 0.00s

     Running `/Users/adolfousierstudio/srv/rs/bolina-rs/target/debug/deps/ca-9df14ab421316505`

running 8 tests
test ca_init_bad_count ... ok
test ca_issue_privileged_ttl_over_cap ... ok
test ca_issue_bad_role ... ok
test ca_init_creates_roots ... ok
test ca_revoke_builds_envelope ... ok
test ca_issue_emits_v3_always ... ok
test ca_list_returns_serials ... ok
test ca_show_reads_cert ... ok

test result: ok. 8 passed; 0 failed; 0 ignored; 0 measured; 0 filtered out; finished in 0.01s

     Running `/Users/adolfousierstudio/srv/rs/bolina-rs/target/debug/deps/ca_bounds-be389556fe0f5899`

running 10 tests
test ca_init_count_must_be_positive ... ok
test ca_init_creates_structure ... ok
test ca_issue_ttl_positive ... ok
test ca_issue_role_exact_match ... ok
test ca_init_idempotent ... ok
test ca_issue_requires_valid_role ... ok
test ca_revoke_idempotent ... ok
test ca_issue_succeeds ... ok
test ca_revoke_requires_valid_serial ... ok
test ca_init_count_max_boundary ... ok

test result: ok. 10 passed; 0 failed; 0 ignored; 0 measured; 0 filtered out; finished in 0.01s

     Running `/Users/adolfousierstudio/srv/rs/bolina-rs/target/debug/deps/ca_limits-bcd1b19d97c13aeb`

running 6 tests
test ca_init_over_max_cas_fails ... ok
test ca_init_with_zero_cas_fails ... ok
test ca_init_with_one_ca_passes ... ok
test ca_issue_with_zero_ttl_fails ... ok
test ca_issue_with_positive_ttl_passes ... ok
test ca_init_with_max_cas_passes ... ok

test result: ok. 6 passed; 0 failed; 0 ignored; 0 measured; 0 filtered out; finished in 0.00s

     Running `/Users/adolfousierstudio/srv/rs/bolina-rs/target/debug/deps/codec_bounds-361697533459d3c2`

running 12 tests
test cert_ca_keys_ascending_must_succeed ... ok
test cert_ca_sig_count_boundary ... ok
test cert_ca_keys_equal_fails ... ok
test cert_ca_keys_descending_fails ... ok
test cursor_u32be_sequential_reads_independent ... ok
test envelope_body_len_oversized ... ok
test cert_name_at_max_name_boundary ... ok
test cert_scope_count_boundary ... ok
test envelope_parent_count_boundary ... ok
test limit_constants_are_correct ... ok
test intent_action_at_max_action_boundary ... ok
test envelope_body_at_max_body_boundary ... ok

test result: ok. 12 passed; 0 failed; 0 ignored; 0 measured; 0 filtered out; finished in 0.00s

     Running `/Users/adolfousierstudio/srv/rs/bolina-rs/target/debug/deps/codec_limits-3772441d7982c96b`

running 4 tests
test envelope_parent_count_over_max_fails ... ok
test envelope_parent_count_at_max_passes ... ok
test envelope_body_one_over_max_fails ... ok
test envelope_body_at_exact_max_passes ... ok

test result: ok. 4 passed; 0 failed; 0 ignored; 0 measured; 0 filtered out; finished in 0.00s

     Running `/Users/adolfousierstudio/srv/rs/bolina-rs/target/debug/deps/control_bounds-8d025a334ba0a121`

running 8 tests
test all_status_codes_format_correctly ... ignored, timing issue - needs server deadline tuning
test slowloris_guard ... ignored, timing issue - needs server deadline tuning
test deadline_exceeded_causes_cleanup ... ok
test no_content_length_goes_to_writing ... ok
test content_length_parsed ... ok
test write_response_sets_closing ... ok
test table_full_returns_503 ... ok
test healthz_roundtrip ... ok

test result: ok. 6 passed; 0 failed; 2 ignored; 0 measured; 0 filtered out; finished in 3.10s

     Running `/Users/adolfousierstudio/srv/rs/bolina-rs/target/debug/deps/cross_kat-b75fc3958780a59e`

running 3 tests
test zig_mac1_known_answer ... ok
test rfc8439_aead_vector_rust_side ... ok
test zig_split_known_answer ... ok

test result: ok. 3 passed; 0 failed; 0 ignored; 0 measured; 0 filtered out; finished in 0.00s

     Running `/Users/adolfousierstudio/srv/rs/bolina-rs/target/debug/deps/daemon_bounds-224934f24ad17a83`

running 11 tests
test empty_datagram_is_silent_drop ... ok
test handshake_short_packet_is_dropped ... ok
test session_table_empty_lookup_returns_none ... ok
test single_byte_datagram_is_handled ... ok
test handshake_exact_144_with_bad_mac1_is_dropped ... ok
test relay_types_5_6_are_dropped ... ok
test shutdown_handler_is_idempotent ... ok
test transport_no_session_is_dropped ... ok
test transport_receiver_index_u32_max ... ok
test transport_short_packet_is_dropped ... ok
test unknown_msg_type_is_silent_drop ... ok

test result: ok. 11 passed; 0 failed; 0 ignored; 0 measured; 0 filtered out; finished in 0.00s

     Running `/Users/adolfousierstudio/srv/rs/bolina-rs/target/debug/deps/daemon_limits-9eda88e66224417a`

running 6 tests
test handle_handshake_ignores_short_msg ... ok
test handle_datagram_ignores_unknown_type ... ok
test handle_datagram_ignores_zero_length ... ok
test session_table_sessions_starts_at_zero ... ok
test session_table_lookup_returns_none_for_unknown ... ok
test handle_transport_ignores_short_msg ... ok

test result: ok. 6 passed; 0 failed; 0 ignored; 0 measured; 0 filtered out; finished in 0.00s

     Running `/Users/adolfousierstudio/srv/rs/bolina-rs/target/debug/deps/kat-b2b35e3d52ca9928`

running 6 tests
test blake2s_digest_truncation_first8_is_fingerprint_shape ... ok
test rfc7693_blake2s_256_of_abc ... ok
test rfc8439_chacha20poly1305_aead ... ok
test rfc7748_x25519_base_point_public ... ok
test rfc7748_x25519_diffie_hellman ... ok
test rfc8032_ed25519_sign_verify ... ok

test result: ok. 6 passed; 0 failed; 0 ignored; 0 measured; 0 filtered out; finished in 0.00s

     Running `/Users/adolfousierstudio/srv/rs/bolina-rs/target/debug/deps/reassembly-d360d1cfea2a805d`

running 8 tests
test duplicate_fragment_counted_once_changes_nothing ... ok
test be_tr_05_out_of_order_fragments_reassemble ... ok
test exceeding_context_limit_drops_new_message_not_session ... ok
test exceeding_memory_budget_drops_message_not_session ... ok
test fragments_delivered_in_reverse_complete_on_last ... ok
test incomplete_context_older_than_30s_evicted ... ok
test node_capacity_admits_sessions_up_to_ceiling ... ok
test node_capacity_memory_gate ... ok

test result: ok. 8 passed; 0 failed; 0 ignored; 0 measured; 0 filtered out; finished in 0.00s

     Running `/Users/adolfousierstudio/srv/rs/bolina-rs/target/debug/deps/relay-d027a1e89e1f5aea`

running 18 tests
test be_mesh_02_forward_packet_stale_route ... ok
test be_mesh_02_forward_packet_returns_packet_unchanged ... ok
test be_mesh_02_forward_packet_unknown_recipient ... ok
test be_mesh_02_parse_relay_registration_non_zero_reserved ... ok
test be_mesh_02_parse_relay_registration_expiry_too_long ... ok
test be_mesh_02_parse_relay_registration_wrong_type ... ok
test be_mesh_02_parse_relay_route_happy ... ok
test be_mesh_02_parse_relay_registration_trailing_bytes ... ok
test be_mesh_02_parse_relay_registration_truncated ... ok
test be_mesh_02_parse_relay_registration_happy ... ok
test be_mesh_02_parse_relay_route_non_zero_reserved ... ok
test be_mesh_02_parse_relay_route_trailing_bytes ... ok
test be_mesh_02_parse_relay_route_truncated ... ok
test be_mesh_02_parse_relay_route_wrong_type ... ok
test be_mesh_02_relay_table_insert_and_lookup ... ok
test be_mesh_02_relay_table_prunes_expired ... ok
test md5_re_registration_refreshes_in_place ... ok
test be_mesh_02_relay_table_rejects_insert_when_full ... ok

test result: ok. 18 passed; 0 failed; 0 ignored; 0 measured; 0 filtered out; finished in 0.04s

     Running `/Users/adolfousierstudio/srv/rs/bolina-rs/target/debug/deps/session-73c9f90c6a92eb6c`

running 13 tests
test be_tr_02_rekey_due_at_120s_not_before ... ok
test be_tr_02_seal_refuses_at_2_48_bound ... ok
test be_tr_02_rekey_rotation_zeroes_old_state ... ok
test be_tr_02_zeroization_wipes_key_material ... ok
test be_tr_03_counter_below_window_floor_refused ... ok
test be_tr_06_transport_failure_surfaces_as_error ... ok
test replay_window_edge_cases ... ok
test be_tr_05_session_ceiling_refuses_without_degrading ... ok
test lookup_rejects_stale_or_out_of_range ... ok
test release_zeroes_whole_slot ... ok
test tampered_payload_fails_aead_tag ... ok
test transport_frame_layout_spec_4_1a ... ok
test be_tr_03_reordered_open_and_replay_refused ... ok

test result: ok. 13 passed; 0 failed; 0 ignored; 0 measured; 0 filtered out; finished in 0.00s

     Running `/Users/adolfousierstudio/srv/rs/bolina-rs/target/debug/deps/smoke-d0f4cc6aa77caef6`

running 1 test
test workspace_is_alive ... ok

test result: ok. 1 passed; 0 failed; 0 ignored; 0 measured; 0 filtered out; finished in 0.00s

     Running `/Users/adolfousierstudio/srv/rs/bolina-rs/target/debug/deps/state-cbde52f7e35ba970`

running 21 tests
test executing_still_holds_the_resource ... ok
test duplicate_intent_id_refused_be_grant_06b ... ok
test match_for_grant_returns_the_one_pending ... ok
test matched_refusal_rejects_unmatched_dropped_be_grant_09 ... ok
test fresh_table_holds_nothing_be_grant_04 ... ok
test flock_second_open_locked_close_releases_t9_md3 ... ok
test md4_churn_never_exhausts_the_table ... ok
test commit_visible_on_read_back_t1 ... ok
test rejected_cannot_reenter_executing_be_grant_10 ... ok
test second_intent_on_held_resource_refused_be_grant_06 ... ok
test t_pending_expiry_releases_lock_and_slot_be_grant_06a ... ok
test read_only_handle_refuses_mutators_md3 ... ok
test first_receipt_survives_restart_first_wins_t10_f4 ... ok
test idempotent_commit_t7 ... ok
test crash_during_prune_stale_temp_cleaned_t8 ... ok
test orphan_reemits_exactly_once_t3_be_grant_01a ... ok
test record_format_bytes_exact ... ok
test torn_trailing_record_discarded_cleanly_t6 ... ok
test restart_replays_exact_state_t2 ... ok
test prune_drops_only_expired_t5 ... ok
test revocations_persist_never_pruned_t4_be_rev_02 ... ok

test result: ok. 21 passed; 0 failed; 0 ignored; 0 measured; 0 filtered out; finished in 0.10s

     Running `/Users/adolfousierstudio/srv/rs/bolina-rs/target/debug/deps/sync-66fe2b22ba0e6bda`

running 8 tests
test rate_window_admit_within_budget ... ok
test rate_table_admit_known_peer ... ok
test rate_window_slides_by_time ... ok
test build_response_appends_envelopes ... ok
test rate_table_full_refuses_new_peer ... ok
test build_response_empty ... ok
test build_response_skips_have_hashes ... ok
test build_response_truncates_at_envelope_ceiling ... ok

test result: ok. 8 passed; 0 failed; 0 ignored; 0 measured; 0 filtered out; finished in 0.00s

     Running `/Users/adolfousierstudio/srv/rs/bolina-rs/target/debug/deps/transport-1d8c8e0faa3c5c12`

running 7 tests
test transport_nonce_composition_big_endian_everywhere ... ok
test mac1_matches_zig_construction_with_label ... ok
test msg1_layout_byte_level_matches_spec_41a ... ok
test tampered_ciphertext_is_decrypt_failed ... ok
test msg2_layout_carries_g2_fixed_index_semantics ... ok
test roundtrip_transcript_and_cross_keys ... ok
test be_tr_04_mac1_fails_before_any_curve_work ... ok

test result: ok. 7 passed; 0 failed; 0 ignored; 0 measured; 0 filtered out; finished in 0.01s

     Running `/Users/adolfousierstudio/srv/rs/bolina-rs/target/debug/deps/vectors-dbfa2f2e3d5d4a5c`

running 8 tests
test claim_body_wire_slices_text_subject_confidence_spans ... ok
test refusal_parses_reencodes_sig_verifies_note_is_informational ... ok
test span_parses_reencodes_sig_verifies_fields_pinned ... ok
test effect_envelope_parses_and_verifies_under_envelope_domain ... ok
test every_negative_rejects ... ok
test envelope_intent_parses_reencodes_sig_verifies_and_body_slices ... ok
test grant_parses_reencodes_sig_verifies_and_action_digest_recomputes ... ok
test cert_parses_reencodes_and_both_ca_sigs_verify ... ok

test result: ok. 8 passed; 0 failed; 0 ignored; 0 measured; 0 filtered out; finished in 0.00s

   Doc-tests bolina
     Running `/Users/adolfousierstudio/.rustup/toolchains/1.98.0-aarch64-apple-darwin/bin/rustdoc --edition=2021 --crate-type lib --color auto --crate-name bolina --test src/lib.rs --test-run-directory /Users/adolfousierstudio/srv/rs/bolina-rs --extern blake2=/Users/adolfousierstudio/srv/rs/bolina-rs/target/debug/deps/libblake2-5ec05ea99efe1729.rlib --extern bolina=/Users/adolfousierstudio/srv/rs/bolina-rs/target/debug/deps/libbolina-e306afd0537f097b.rlib --extern chacha20poly1305=/Users/adolfousierstudio/srv/rs/bolina-rs/target/debug/deps/libchacha20poly1305-4858c044f422a705.rlib --extern ctrlc=/Users/adolfousierstudio/srv/rs/bolina-rs/target/debug/deps/libctrlc-6713bae015e83882.rlib --extern ed25519_dalek=/Users/adolfousierstudio/srv/rs/bolina-rs/target/debug/deps/libed25519_dalek-fc7a2eec7c6f38d7.rlib --extern hex=/Users/adolfousierstudio/srv/rs/bolina-rs/target/debug/deps/libhex-d8b113cf0abdd414.rlib --extern hex_literal=/Users/adolfousierstudio/srv/rs/bolina-rs/target/debug/deps/libhex_literal-6640231492c6cd06.rlib --extern ntest=/Users/adolfousierstudio/srv/rs/bolina-rs/target/debug/deps/libntest-fb8deb70921782e7.rlib --extern rand=/Users/adolfousierstudio/srv/rs/bolina-rs/target/debug/deps/librand-9427a764d31db7f2.rlib --extern rand_core=/Users/adolfousierstudio/srv/rs/bolina-rs/target/debug/deps/librand_core-dc6558177f49617a.rlib --extern serde=/Users/adolfousierstudio/srv/rs/bolina-rs/target/debug/deps/libserde-aea278c8965ca5ea.rlib --extern serde_json=/Users/adolfousierstudio/srv/rs/bolina-rs/target/debug/deps/libserde_json-f5983fd46414eda9.rlib --extern shellexpand=/Users/adolfousierstudio/srv/rs/bolina-rs/target/debug/deps/libshellexpand-1593339a951b64c2.rlib --extern subtle=/Users/adolfousierstudio/srv/rs/bolina-rs/target/debug/deps/libsubtle-2904b9fb245ece33.rlib --extern tempfile=/Users/adolfousierstudio/srv/rs/bolina-rs/target/debug/deps/libtempfile-67604e1238f1b1e4.rlib --extern x25519_dalek=/Users/adolfousierstudio/srv/rs/bolina-rs/target/debug/deps/libx25519_dalek-b7f18135123f21af.rlib -L dependency=/Users/adolfousierstudio/srv/rs/bolina-rs/target/debug/deps -C embed-bitcode=no --check-cfg 'cfg(docsrs,test)' --check-cfg 'cfg(feature, values())' --error-format human`

running 0 tests

test result: ok. 0 passed; 0 failed; 0 ignored; 0 measured; 0 filtered out; finished in 0.00s


*** result: Success
